Employee_Name,EmpID,MarriedID,MaritalStatusID,GenderID,EmpStatusID,DeptID,PerfScoreID,FromDiversityJobFairID,Salary,Termd,PositionID,Position,State,Zip,DOB,Sex,MaritalDesc,CitizenDesc,HispanicLatino,RaceDesc,DateofHire,DateofTermination,TermReason,EmploymentStatus,Department,ManagerName,ManagerID,RecruitmentSource,PerformanceScore,EngagementSurvey,EmpSatisfaction,SpecialProjectsCount,LastPerformanceReview_Date,DaysLateLast30,Absences,SalaryBand,EngagementQuartile,QualityOfHire,Tenure,SalaryRelativeToDept,Promoted
"Adinolfi, Wilson K",10026,0,0,1,1,5,4,0,62506,0,19,Production Technician I,MA,1960,1983-07-10,M,Single,US Citizen,No,White,2011-07-05,,N/A-StillEmployed,Active,Production,Michael Albert,22,LinkedIn,Exceeds,4.6,5,0,2019-01-17,0,1,50k-100k,Q3,0.9734999999999999,8.490075290896646,1.0425738715884572,0
"Ait Sidi, Karthikeyan",10084,1,1,1,5,3,3,0,104437,1,27,Sr. DBA,MA,2148,1975-05-05,M,Married,US Citizen,No,White,2015-03-30,2016-06-16,career change,Voluntarily Terminated,IT/IS,Simon Roup,4,Indeed,Fully Meets,4.96,3,6,2016-02-24,0,17,100k-150k,Q4,0.6551,1.215605749486653,1.0759530968229007,0
"Akinkuolie, Sarah",10196,1,1,0,5,5,3,0,64955,1,20,Production Technician II,MA,1810,1988-09-19,F,Married,US Citizen,No,White,2011-07-05,2012-09-24,hours,Voluntarily Terminated,Production,Kissy Sullivan,20,LinkedIn,Fully Meets,3.02,3,0,2012-05-15,0,3,50k-100k,Q1,0.5737000000000001,1.2238193018480492,1.0834221647366369,0
"Alagbe,Trina",10088,1,1,0,1,5,3,0,64991,0,19,Production Technician I,MA,1886,1988-09-27,F,Married,US Citizen,No,White,2008-01-07,,N/A-StillEmployed,Active,Production,Elijiah Gray,16,Indeed,Fully Meets,4.84,5,0,2019-01-03,0,15,50k-100k,Q4,0.8529,11.980835044490075,1.084022629642041,1
"Anderson, Carol",10069,0,2,0,5,5,3,0,50825,1,19,Production Technician I,MA,2169,1989-09-08,F,Divorced,US Citizen,No,White,2011-07-11,2016-09-06,return to school,Voluntarily Terminated,Production,Webster Butler,39,Google Search,Fully Meets,5.0,4,0,2016-02-01,0,2,50k-100k,Q4,0.6950000000000001,5.158110882956879,0.8477396893655542,0
"Anderson, Linda",10002,0,0,0,1,5,4,0,57568,0,19,Production Technician I,MA,1844,1977-05-22,F,Single,US Citizen,No,White,2012-01-09,,N/A-StillEmployed,Active,Production,Amy Dunn,11,LinkedIn,Exceeds,5.0,5,0,2019-01-07,0,15,50k-100k,Q4,0.9624999999999999,7.975359342915811,0.9602101020638707,0
"Andreola, Colby",10194,0,0,0,1,4,3,0,95660,0,24,Software Engineer,MA,2110,1979-05-24,F,Single,US Citizen,No,White,2014-11-10,,N/A-StillEmployed,Active,Software Engineering,Alex Sweetwater,10,LinkedIn,Fully Meets,3.04,3,4,2019-01-02,0,19,50k-100k,Q1,0.7349000000000001,5.138945927446954,1.007059156805923,0
"Athwal, Sam",10062,0,4,1,1,5,3,0,59365,0,19,Production Technician I,MA,2199,1983-02-18,M,Widowed,US Citizen,No,White,2013-09-30,,N/A-StillEmployed,Active,Production,Ketsia Liebig,19,Employee Referral,Fully Meets,5.0,4,0,2019-02-25,0,19,50k-100k,Q4,0.8525,6.250513347022587,0.9901833085919552,0
"Bachiochi, Linda",10114,0,0,0,3,5,3,1,47837,0,19,Production Technician I,MA,1902,1970-02-11,F,Single,US Citizen,No,Black or African American,2009-07-06,,N/A-StillEmployed,Active,Production,Brannon Miller,12,Diversity Job Fair,Fully Meets,4.46,3,0,2019-01-25,0,4,0-50k,Q3,0.8576,10.485968514715948,0.7979011022170195,0
"Bacong, Alejandro",10250,0,2,1,1,3,3,0,50178,0,14,IT Support,MA,1886,1988-01-07,M,Divorced,US Citizen,No,White,2015-01-05,,N/A-StillEmployed,Active,IT/IS,Peter Monroe,7,Indeed,Fully Meets,5.0,5,6,2019-02-18,0,16,50k-100k,Q4,0.8600000000000001,4.985626283367557,0.5169544748736512,0
"Baczenski, Rachael",10252,1,1,0,5,5,3,1,54670,1,19,Production Technician I,MA,1902,1974-01-12,F,Married,US Citizen,Yes,Black or African American,2011-01-10,2017-01-12,Another position,Voluntarily Terminated,Production,David Stanley,14,Diversity Job Fair,Fully Meets,4.2,4,0,2016-01-30,0,12,50k-100k,Q2,0.622,6.006844626967831,0.911872677178846,0
"Barbara, Thomas",10242,1,1,1,5,5,3,1,47211,1,19,Production Technician I,MA,2062,1974-02-21,M,Married,US Citizen,Yes,Black or African American,2012-04-02,2016-09-19,unhappy,Voluntarily Terminated,Production,Kissy Sullivan,20,Diversity Job Fair,Fully Meets,4.2,3,0,2016-05-06,0,15,0-50k,Q2,0.6145,4.465434633812457,0.7874596846952716,0
"Barbossa, Hector",10012,0,2,1,1,3,4,1,92328,0,9,Data Analyst,TX,78230,1988-07-04,M,Divorced,US Citizen,No,Black or African American,2014-11-10,,N/A-StillEmployed,Active,IT/IS,Simon Roup,4,Diversity Job Fair,Exceeds,4.28,4,5,2019-02-25,0,9,50k-100k,Q2,0.9343,5.138945927446954,0.9512011789257139,0
"Barone, Francesco A",10265,0,0,1,1,5,3,0,58709,0,19,Production Technician I,MA,1810,1983-07-20,M,Single,US Citizen,No,Two or more races,2012-02-20,,N/A-StillEmployed,Active,Production,Kelley Spirea,18,Google Search,Fully Meets,4.6,4,0,2019-02-14,0,7,50k-100k,Q3,0.8585,7.860369609856263,0.9792415036490374,0
"Barton, Nader",10066,0,2,1,5,5,3,0,52505,1,19,Production Technician I,MA,2747,1977-07-15,M,Divorced,US Citizen,No,White,2012-09-24,2017-04-06,Another position,Voluntarily Terminated,Production,Michael Albert,22,On-line Web application,Fully Meets,5.0,5,0,2017-03-02,0,1,50k-100k,Q4,0.6975000000000001,4.531143052703627,0.8757613849510757,0
"Bates, Norman",10061,0,0,1,4,5,3,0,57834,1,19,Production Technician I,MA,2050,1981-10-18,M,Single,US Citizen,No,White,2011-02-21,2017-08-04,attendance,Terminated for Cause,Production,Kelley Spirea,18,Google Search,Fully Meets,5.0,4,0,2017-04-05,0,20,50k-100k,Q4,0.6500000000000001,6.450376454483231,0.9646468705315783,0
"Beak, Kimberly",10023,1,1,0,2,5,4,0,70131,0,20,Production Technician II,MA,2145,1966-04-17,F,Married,US Citizen,No,White,2016-07-21,,N/A-StillEmployed,Active,Production,Kelley Spirea,18,Employee Referral,Exceeds,4.4,3,0,2019-01-14,0,16,50k-100k,Q3,0.9240000000000002,3.4442162902121836,1.1697556744691724,0
"Beatrice, Courtney",10055,0,0,0,1,5,3,0,59026,0,19,Production Technician I,MA,1915,1970-10-27,F,Single,Eligible NonCitizen,No,White,2011-04-04,,N/A-StillEmployed,Active,Production,Elijiah Gray,16,Google Search,Fully Meets,5.0,5,0,2019-01-14,0,12,50k-100k,Q4,0.87,8.7419575633128,0.984528930732734,0
"Becker, Renee",10245,0,0,0,4,3,3,0,110000,1,8,Database Administrator,MA,2026,1986-04-04,F,Single,US Citizen,Yes,White,2014-07-07,2015-09-12,performance,Terminated for Cause,IT/IS,Simon Roup,4,Google Search,Fully Meets,4.5,4,5,2015-01-15,0,8,100k-150k,Q3,0.6500000000000001,1.1827515400410678,1.133265419827447,0
"Becker, Scott",10277,0,0,1,3,5,3,0,53250,0,19,Production Technician I,MA,2452,1979-04-06,M,Single,US Citizen,No,Asian,2013-07-08,,N/A-StillEmployed,Active,Production,Webster Butler,,LinkedIn,Fully Meets,4.2,4,0,2019-01-11,0,13,50k-100k,Q2,0.8195,6.480492813141684,0.8881876725767981,0
"Bernstein, Sean",10046,0,0,1,1,5,3,0,51044,0,19,Production Technician I,MA,2072,1970-12-22,M,Single,US Citizen,Yes,White,2012-04-02,,N/A-StillEmployed,Active,Production,Amy Dunn,11,Google Search,Fully Meets,5.0,3,0,2019-01-14,0,13,50k-100k,Q4,0.8675,7.745379876796714,0.8513925175400954,0
"Biden, Lowan M",10226,0,2,0,1,5,3,0,64919,0,19,Production Technician I,MA,2027,1958-12-27,F,Divorced,US Citizen,No,Asian,2013-08-19,,N/A-StillEmployed,Active,Production,Ketsia Liebig,19,Indeed,Fully Meets,4.2,3,0,2019-01-10,0,2,50k-100k,Q2,0.847,6.365503080082136,1.082821699831233,0
"Billis, Helen",10003,1,1,0,1,5,4,0,62910,0,19,Production Technician I,MA,2031,1989-09-01,F,Married,US Citizen,No,White,2014-07-07,,N/A-StillEmployed,Active,Production,Brannon Miller,12,Indeed,Exceeds,5.0,3,0,2019-02-27,0,19,50k-100k,Q4,0.9524999999999999,5.4839151266255985,1.0493124221935468,0
"Blount, Dianna",10294,0,0,0,1,5,2,0,66441,0,20,Production Technician II,MA,2171,1990-09-21,F,Single,US Citizen,No,White,2011-04-04,,N/A-StillEmployed,Active,Production,Michael Albert,22,CareerBuilder,Needs Improvement,2.0,3,0,2019-02-27,2,3,50k-100k,Q1,0.6091666666666666,8.7419575633128,1.108208021665259,1
"Bondwell, Betsy",10267,0,0,0,5,5,3,0,57815,1,20,Production Technician II,MA,2210,1967-01-16,F,Single,US Citizen,No,White,2011-01-10,2014-04-04,career change,Voluntarily Terminated,Production,Elijiah Gray,16,Google Search,Fully Meets,4.8,5,0,2014-03-04,0,5,50k-100k,Q4,0.6755000000000001,3.2306639288158796,0.9643299584981705,0
"Booth, Frank",10199,0,0,1,4,3,3,0,103613,1,30,Enterprise Architect,CT,6033,1964-07-30,M,Single,US Citizen,No,Black or African American,2014-02-17,2016-02-19,Learned that he is a gangster,Terminated for Cause,IT/IS,Simon Roup,4,LinkedIn,Fully Meets,3.5,5,7,2016-01-10,0,2,100k-150k,Q1,0.605,2.004106776180698,1.0674639085871023,0
"Boutwell, Bonalyn",10081,1,1,0,1,1,3,1,106367,0,26,Sr. Accountant,MA,2468,1987-04-04,F,Married,US Citizen,No,Black or African American,2015-02-16,,N/A-StillEmployed,Active,Admin Offices,Brandon R. LeBlanc,3,Diversity Job Fair,Fully Meets,5.0,4,3,2019-02-18,0,4,100k-150k,Q4,0.89,4.870636550308008,1.4816019141747674,0
"Bozzi, Charles",10175,0,0,1,5,5,3,0,74312,1,18,Production Manager,MA,1901,1970-03-10,M,Single,US Citizen,No,Asian,2013-09-30,2014-08-07,retiring,Voluntarily Terminated,Production,Janet King,2,Indeed,Fully Meets,3.39,3,0,2014-02-20,0,14,50k-100k,Q1,0.5684,0.8514715947980835,1.2394930013995684,0
"Brill, Donna",10177,1,1,0,5,5,3,0,53492,1,19,Production Technician I,MA,1701,1990-08-24,F,Married,US Citizen,No,White,2012-04-02,2013-06-15,Another position,Voluntarily Terminated,Production,David Stanley,14,Google Search,Fully Meets,3.35,4,0,2013-03-04,0,6,50k-100k,Q1,0.5860000000000001,1.2019164955509924,0.8922241311075696,0
"Brown, Mia",10238,1,1,0,1,1,3,1,63000,0,1,Accountant I,MA,1450,1987-11-24,F,Married,US Citizen,No,Black or African American,2008-10-27,,N/A-StillEmployed,Active,Admin Offices,Brandon R. LeBlanc,1,Diversity Job Fair,Fully Meets,4.5,2,6,2019-01-15,0,14,50k-100k,Q3,0.835,11.175906913073238,0.8775364595505217,0
"Buccheri, Joseph",10184,0,0,1,1,5,3,0,65288,0,20,Production Technician II,MA,1013,1983-07-28,M,Single,US Citizen,No,White,2014-09-29,,N/A-StillEmployed,Active,Production,Webster Butler,,Google Search,Fully Meets,3.19,3,0,2019-02-01,0,9,50k-100k,Q1,0.7689,5.253935660506502,1.0889764651116243,0
"Bugali, Josephine",10203,0,3,0,3,5,3,1,64375,0,19,Production Technician I,MA,2043,1969-10-30,F,Separated,US Citizen,No,Black or African American,2013-11-11,,N/A-StillEmployed,Active,Production,Kissy Sullivan,20,Diversity Job Fair,Fully Meets,3.5,5,0,2019-01-21,0,17,50k-100k,Q1,0.7675,6.135523613963039,1.0737480079273498,0
"Bunbury, Jessica",10188,1,1,0,5,6,3,0,74326,1,3,Area Sales Manager,VA,21851,1964-06-01,F,Married,Eligible NonCitizen,No,Black or African American,2011-08-15,2014-08-02,Another position,Voluntarily Terminated,Sales,John Smith,17,Google Search,Fully Meets,3.14,5,0,2013-02-10,1,19,50k-100k,Q1,0.5392333333333333,2.965092402464066,1.0762329283165621,0
"Burke, Joelle",10107,0,0,0,1,5,3,0,63763,0,20,Production Technician II,MA,2148,1980-03-02,F,Single,US Citizen,No,Black or African American,2012-03-05,,N/A-StillEmployed,Active,Production,Amy Dunn,11,Employee Referral,Fully Meets,4.51,4,0,2019-02-21,0,3,50k-100k,Q3,0.8631,7.822039698836414,1.0635401045354813,0
"Burkett, Benjamin",10181,1,1,1,1,5,3,0,62162,0,20,Production Technician II,MA,1890,1977-08-19,M,Married,US Citizen,No,White,2011-04-04,,N/A-StillEmployed,Active,Production,Ketsia Liebig,19,Indeed,Fully Meets,3.25,5,0,2019-01-14,0,15,50k-100k,Q1,0.7575000000000001,8.7419575633128,1.0368360958257075,0
"Cady, Max",10150,0,0,1,1,4,3,0,77692,0,25,Software Engineering Manager,MA,2184,1966-11-22,M,Single,US Citizen,No,White,2011-08-15,,N/A-StillEmployed,Active,Software Engineering,Jennifer Zamora,5,Google Search,Fully Meets,3.84,3,5,2019-01-21,0,4,50k-100k,Q2,0.8203999999999999,8.37782340862423,0.8179013172754105,0
"Candie, Calvin",10001,0,0,1,1,5,4,0,72640,0,18,Production Manager,MA,2169,1983-08-09,M,Single,US Citizen,No,White,2016-01-28,,N/A-StillEmployed,Active,Production,Janet King,2,Indeed,Exceeds,5.0,3,0,2019-02-22,0,14,50k-100k,Q4,0.9649999999999999,3.923340177960301,1.2116047424596923,0
"Carabbio, Judith",10085,0,0,0,1,4,3,0,93396,0,24,Software Engineer,MA,2132,1987-04-05,F,Single,US Citizen,No,White,2013-11-11,,N/A-StillEmployed,Active,Software Engineering,Alex Sweetwater,10,Indeed,Fully Meets,4.96,4,6,2019-01-30,0,3,50k-100k,Q4,0.8901000000000001,6.135523613963039,0.9832249321455779,0
"Carey, Michael",10115,0,0,1,1,5,3,0,52846,0,19,Production Technician I,MA,1701,1983-02-02,M,Single,US Citizen,No,Black or African American,2014-03-31,,N/A-StillEmployed,Active,Production,Kelley Spirea,18,LinkedIn,Fully Meets,4.43,3,0,2019-02-01,0,14,50k-100k,Q3,0.8308,5.752224503764545,0.8814491219717083,0
"Carr, Claudia N",10082,0,0,0,2,3,3,0,100031,0,27,Sr. DBA,MA,1886,1986-06-06,F,Single,US Citizen,No,Black or African American,2016-06-30,,N/A-StillEmployed,Active,IT/IS,Simon Roup,4,LinkedIn,Fully Meets,5.0,5,6,2019-02-18,0,7,100k-150k,Q4,0.8825000000000001,3.5017111567419574,1.0305606655523576,0
"Carter, Michelle",10040,0,0,0,1,6,3,0,71860,0,3,Area Sales Manager,VT,5664,1963-05-15,F,Single,US Citizen,No,White,2014-08-18,,N/A-StillEmployed,Active,Sales,John Smith,17,Indeed,Fully Meets,5.0,5,0,2019-01-21,0,7,50k-100k,Q4,0.8825000000000001,5.368925393566051,1.0405254988675317,0
"Chace, Beatrice",10067,0,0,0,1,5,3,0,61656,0,19,Production Technician I,MA,2763,1951-01-02,F,Single,US Citizen,No,White,2014-09-29,,N/A-StillEmployed,Active,Production,Michael Albert,22,Google Search,Fully Meets,5.0,4,0,2019-02-12,0,11,50k-100k,Q4,0.8725,5.253935660506502,1.0283962279886396,0
"Champaigne, Brian",10108,1,1,1,1,3,3,0,110929,0,5,BI Director,MA,2045,1972-02-09,M,Married,US Citizen,No,White,2016-09-06,,N/A-StillEmployed,Active,IT/IS,Jennifer Zamora,5,Indeed,Fully Meets,4.5,5,7,2019-01-15,0,8,100k-150k,Q3,0.8500000000000001,3.3155373032169746,1.142836361418535,0
"Chan, Lin",10210,0,0,0,1,5,3,0,54237,0,19,Production Technician I,MA,2170,1979-02-12,F,Single,US Citizen,No,White,2014-05-12,,N/A-StillEmployed,Active,Production,Elijiah Gray,16,Indeed,Fully Meets,3.3,4,0,2019-02-19,0,11,50k-100k,Q1,0.7705,5.637234770704997,0.904650418733292,0
"Chang, Donovan E",10154,0,0,1,1,5,3,0,60380,0,19,Production Technician I,MA,1845,1983-08-24,M,Single,US Citizen,No,White,2013-07-08,,N/A-StillEmployed,Active,Production,Webster Butler,,LinkedIn,Fully Meets,3.8,5,0,2019-01-14,0,4,50k-100k,Q2,0.818,6.480492813141684,1.0071130830082078,0
"Chigurh, Anton",10200,0,0,1,1,6,3,0,66808,0,3,Area Sales Manager,TX,78207,1970-06-11,M,Single,Eligible NonCitizen,No,Black or African American,2012-05-14,,N/A-StillEmployed,Active,Sales,Lynn Daneault,21,Employee Referral,Fully Meets,3.0,5,0,2019-01-19,0,17,50k-100k,Q1,0.7375,7.630390143737166,0.967373052161732,0
"Chivukula, Enola",10240,0,0,0,5,5,3,0,64786,1,19,Production Technician I,MA,1775,1983-08-27,F,Single,US Citizen,No,White,2011-06-27,2015-11-15,relocation out of area,Voluntarily Terminated,Production,Amy Dunn,11,Indeed,Fully Meets,4.3,4,0,2015-03-10,0,3,50k-100k,Q3,0.6505000000000001,4.386036960985626,1.080603315597379,0
"Cierpiszewski, Caroline",10168,0,0,0,1,5,3,0,64816,0,19,Production Technician I,MA,2044,1988-05-31,F,Single,Non-Citizen,No,Black or African American,2011-10-03,,N/A-StillEmployed,Active,Production,Ketsia Liebig,19,Indeed,Fully Meets,3.58,5,0,2019-01-30,0,3,50k-100k,Q1,0.8073000000000001,8.243668720054757,1.081103703018549,1
"Clayton, Rick",10220,0,0,1,1,3,3,0,68678,0,14,IT Support,MA,2170,1985-09-05,M,Single,US Citizen,No,White,2012-09-05,,N/A-StillEmployed,Active,IT/IS,Eric Dougall,6,Indeed,Fully Meets,4.7,3,6,2019-02-27,0,2,50k-100k,Q3,0.877,7.318275154004107,0.7075491136628127,0
"Cloninger, Jennifer",10275,1,1,0,5,5,3,0,64066,1,20,Production Technician II,MA,1752,1981-08-31,F,Married,US Citizen,No,White,2011-05-16,2013-01-07,unhappy,Voluntarily Terminated,Production,Brannon Miller,12,Google Search,Fully Meets,4.2,5,0,2012-05-03,0,9,50k-100k,Q2,0.6295000000000001,1.648186173853525,1.0685940174892985,0
"Close, Phil",10269,1,1,1,5,5,3,0,59369,1,20,Production Technician II,MA,2169,1978-11-25,M,Married,US Citizen,No,White,2010-08-30,2011-09-26,career change,Voluntarily Terminated,Production,David Stanley,14,Indeed,Fully Meets,4.2,4,0,2011-05-04,0,6,50k-100k,Q2,0.637,1.0732375085557837,0.9902500269147779,0
"Clukey, Elijian",10029,1,1,1,2,5,4,0,50373,0,19,Production Technician I,MA,2134,1980-08-26,M,Married,US Citizen,No,White,2016-07-06,,N/A-StillEmployed,Active,Production,Brannon Miller,12,Employee Referral,Exceeds,4.1,4,0,2019-02-28,0,5,50k-100k,Q2,0.9335000000000001,3.485284052019165,0.8402005188865925,0
"Cockel, James",10261,0,0,1,1,5,3,0,63108,0,19,Production Technician I,MA,2452,1977-09-08,M,Single,US Citizen,No,White,2013-07-08,,N/A-StillEmployed,Active,Production,David Stanley,14,Employee Referral,Fully Meets,4.4,5,0,2019-01-14,0,3,50k-100k,Q3,0.8565,6.480492813141684,1.052614979173269,0
"Cole, Spencer",10292,0,0,1,4,5,2,0,59144,1,19,Production Technician I,MA,1880,1979-08-12,M,Single,US Citizen,No,Black or African American,2011-07-11,2016-09-23,performance,Terminated for Cause,Production,Kissy Sullivan,20,LinkedIn,Needs Improvement,2.0,3,0,2016-05-01,5,16,50k-100k,Q1,0.3716666666666667,5.204654346338125,0.9864971212560028,0
"Corleone, Michael",10282,0,2,1,1,5,2,0,68051,0,18,Production Manager,MA,1803,1975-12-17,M,Divorced,US Citizen,No,White,2010-07-20,,N/A-StillEmployed,Active,Production,Janet King,2,CareerBuilder,Needs Improvement,4.13,2,0,2019-01-14,3,3,50k-100k,Q2,0.7353,9.44832306639288,1.1350621466013837,1
"Corleone, Vito",10019,0,0,1,1,5,4,0,170500,0,10,Director of Operations,MA,2030,1983-03-19,M,Single,US Citizen,No,Black or African American,2009-01-05,,N/A-StillEmployed,Active,Production,Janet King,2,Indeed,Exceeds,3.7,5,0,2019-02-04,0,15,150k-200k,Q2,0.8845000000000001,10.984257357973991,2.843868510316321,1
"Cornett, Lisa",10094,1,1,0,1,5,3,0,63381,0,19,Production Technician I,MA,2189,1977-03-31,F,Married,US Citizen,Yes,White,2015-01-05,,N/A-StillEmployed,Active,Production,Kelley Spirea,18,Indeed,Fully Meets,4.73,5,0,2019-02-14,0,6,50k-100k,Q4,0.8688,4.985626283367557,1.0571685047059163,0
"Costello, Frank",10193,1,1,1,1,3,3,0,83552,0,9,Data Analyst,MA,1810,1986-08-26,M,Married,US Citizen,No,White,2015-03-30,,N/A-StillEmployed,Active,IT/IS,Simon Roup,4,Indeed,Fully Meets,3.04,3,6,2019-01-22,0,2,50k-100k,Q1,0.7774000000000001,4.75564681724846,0.8607872032492986,0
"Crimmings, Jean",10132,0,0,0,2,5,3,0,56149,0,19,Production Technician I,MA,1821,1987-04-10,F,Single,US Citizen,No,White,2016-07-06,,N/A-StillEmployed,Active,Production,Michael Albert,22,LinkedIn,Fully Meets,4.12,5,0,2019-01-28,0,15,50k-100k,Q2,0.8097000000000001,3.485284052019165,0.9365417770425284,0
"Cross, Noah",10083,0,0,1,1,3,3,0,92329,0,28,Sr. Network Engineer,CT,6278,1965-09-09,M,Single,US Citizen,No,White,2014-11-10,,N/A-StillEmployed,Active,IT/IS,Peter Monroe,7,Employee Referral,Fully Meets,5.0,3,4,2019-01-02,0,5,50k-100k,Q4,0.8875000000000001,5.138945927446954,0.9512114813386213,0
"Daneault, Lynn",10099,0,0,0,1,6,3,0,65729,0,21,Sales Manager,VT,5473,1990-04-19,F,Single,US Citizen,No,White,2014-05-05,,N/A-StillEmployed,Active,Sales,Debra Houlihan,15,Indeed,Fully Meets,4.62,4,0,2019-01-24,0,8,50k-100k,Q3,0.8572000000000002,5.6563997262149215,0.9517492417904814,0
"Daniele, Ann",10212,1,1,0,3,3,3,0,85028,0,28,Sr. Network Engineer,CT,6033,1952-01-18,F,Married,US Citizen,No,White,2014-11-10,,N/A-StillEmployed,Active,IT/IS,Peter Monroe,7,LinkedIn,Fully Meets,3.1,5,8,2019-02-12,0,19,50k-100k,Q1,0.7385,5.138945927446954,0.8759935647008015,0
"Darson, Jene'ya",10056,1,1,0,1,5,3,0,57583,0,19,Production Technician I,MA,2110,1978-11-05,F,Married,US Citizen,No,White,2012-07-02,,N/A-StillEmployed,Active,Production,Elijiah Gray,16,Indeed,Fully Meets,5.0,3,0,2019-02-25,0,1,50k-100k,Q4,0.8975000000000001,7.496235455167693,0.9604602957744557,0
"Davis, Daniel",10143,0,0,1,1,5,3,0,56294,0,20,Production Technician II,MA,2458,1979-09-14,M,Single,Eligible NonCitizen,No,Two or more races,2011-11-07,,N/A-StillEmployed,Active,Production,Kissy Sullivan,20,LinkedIn,Fully Meets,3.96,4,0,2019-02-27,0,6,50k-100k,Q2,0.8226,8.147843942505133,0.9389603162448502,0
"Dee, Randy",10311,1,1,1,1,6,1,0,56991,0,19,Production Technician I,MA,2138,1988-04-15,M,Married,US Citizen,No,White,2018-07-09,,N/A-StillEmployed,Active,Production,Brannon Miller,12,Indeed,Fully Meets,4.3,4,3,2019-01-31,2,2,50k-100k,Q3,0.6496666666666667,1.4784394250513346,0.9505859839967005,0
"DeGweck, James",10070,1,1,1,5,5,3,0,55722,1,19,Production Technician I,MA,1810,1977-10-31,M,Married,US Citizen,No,White,2011-05-16,2016-06-08,unhappy,Voluntarily Terminated,Production,Webster Butler,39,Indeed,Fully Meets,5.0,4,0,2016-04-02,0,14,50k-100k,Q4,0.665,5.065023956194388,0.9294195960812083,0
"Del Bosque, Keyla",10155,0,0,0,1,4,3,0,101199,0,24,Software Engineer,MA,2176,1979-07-05,F,Single,US Citizen,No,Black or African American,2012-01-09,,N/A-StillEmployed,Active,Software Engineering,Alex Sweetwater,10,CareerBuilder,Fully Meets,3.79,5,5,2019-01-25,0,8,100k-150k,Q2,0.8074000000000001,7.975359342915811,1.0653708928455217,0
"Delarge, Alex",10306,0,0,1,1,6,1,0,61568,0,3,Area Sales Manager,AL,36006,1975-11-02,M,Single,US Citizen,No,Two or more races,2014-09-29,,N/A-StillEmployed,Active,Sales,John Smith,17,Indeed,PIP,1.93,3,0,2019-01-30,6,5,50k-100k,Q1,0.4933,5.253935660506502,0.8914983845571416,0
"Demita, Carla",10100,0,3,0,5,5,3,0,58275,1,20,Production Technician II,MA,2343,1951-02-25,F,Separated,US Citizen,No,Black or African American,2011-04-04,2015-11-04,more money,Voluntarily Terminated,Production,Kelley Spirea,18,Google Search,Fully Meets,4.62,5,0,2015-05-06,0,1,50k-100k,Q3,0.6747000000000001,4.58590006844627,0.9720025656227776,0
"Desimone, Carl",10310,1,1,1,1,5,1,0,53189,0,19,Production Technician I,MA,2061,1967-04-19,M,Married,US Citizen,No,White,2014-07-07,,N/A-StillEmployed,Active,Production,Amy Dunn,11,Indeed,PIP,1.12,2,0,2019-01-31,4,9,50k-100k,Q1,0.4380333333333334,5.4839151266255985,0.8871702181537524,0
"DeVito, Tommy",10197,0,0,1,1,3,3,0,96820,0,4,BI Developer,MA,2045,1983-09-04,M,Single,US Citizen,No,White,2017-02-15,,N/A-StillEmployed,Active,IT/IS,Brian Champaigne,13,Indeed,Fully Meets,3.01,5,7,2019-01-23,0,15,50k-100k,Q1,0.7431000000000001,2.8720054757015743,0.9974796177063038,0
"Dickinson, Geoff",10276,0,0,1,1,5,3,0,51259,0,19,Production Technician I,MA,2180,1982-11-15,M,Single,US Citizen,No,White,2014-05-12,,N/A-StillEmployed,Active,Production,Ketsia Liebig,19,Indeed,Fully Meets,4.3,4,0,2019-02-19,0,1,50k-100k,Q3,0.8555,5.637234770704997,0.854978627391814,0
"Dietrich, Jenna",10304,0,0,0,1,6,1,0,59231,0,3,Area Sales Manager,WA,98052,1987-05-14,F,Single,US Citizen,Yes,White,2012-02-20,,N/A-StillEmployed,Active,Sales,John Smith,17,Website,PIP,2.3,1,0,2019-01-29,2,17,50k-100k,Q1,0.49216666666666664,7.860369609856263,0.8576588620014302,0
"DiNocco, Lily",10284,1,1,0,1,5,2,0,61584,0,19,Production Technician I,MA,2351,1978-12-02,F,Married,US Citizen,No,Black or African American,2013-01-07,,N/A-StillEmployed,Active,Production,Brannon Miller,12,Indeed,Needs Improvement,3.88,4,0,2019-01-18,0,6,50k-100k,Q2,0.7178,6.978781656399726,1.0271952981778316,0
"Dobrin, Denisa S",10207,0,0,0,1,5,3,0,46335,0,19,Production Technician I,MA,2125,1986-10-07,F,Single,US Citizen,Yes,White,2012-04-02,,N/A-StillEmployed,Active,Production,David Stanley,14,CareerBuilder,Fully Meets,3.4,5,0,2019-02-19,0,15,0-50k,Q1,0.7665,7.745379876796714,0.7728483719971069,0
"Dolan, Linda",10133,1,1,0,1,3,3,0,70621,0,14,IT Support,MA,2119,1988-07-18,F,Married,US Citizen,No,White,2015-01-05,,N/A-StillEmployed,Active,IT/IS,Peter Monroe,7,Employee Referral,Fully Meets,4.11,4,6,2019-02-25,0,16,50k-100k,Q2,0.8066000000000002,4.985626283367557,0.7275667019421285,0
"Dougall, Eric",10028,0,0,1,1,3,4,0,138888,0,13,IT Manager - Support,MA,1886,1970-07-09,M,Single,US Citizen,No,Black or African American,2014-01-05,,N/A-StillEmployed,Active,IT/IS,Jennifer Zamora,5,Indeed,Exceeds,4.3,5,5,2019-01-04,0,4,100k-150k,Q3,0.9480000000000001,5.984941820670773,1.4308815238999495,0
"Driver, Elle",10006,0,0,0,1,6,4,0,74241,0,3,Area Sales Manager,CA,90007,1988-11-08,F,Single,US Citizen,No,White,2011-01-10,,N/A-StillEmployed,Active,Sales,Lynn Daneault,21,Indeed,Exceeds,4.77,5,0,2019-01-27,0,14,50k-100k,Q4,0.9511999999999998,8.971937029431896,1.0750021369527474,1
"Dunn, Amy",10105,0,0,0,1,5,3,0,75188,0,18,Production Manager,MA,1731,1973-11-28,F,Single,US Citizen,No,White,2014-09-18,,N/A-StillEmployed,Active,Production,Janet King,2,Google Search,Fully Meets,4.52,4,0,2019-01-15,0,4,50k-100k,Q3,0.8611999999999999,5.284052019164956,1.2541043140977333,0
"Dunne, Amy",10211,1,1,0,1,5,3,0,62514,0,19,Production Technician I,MA,1749,1973-09-23,F,Married,US Citizen,No,White,2010-04-26,,N/A-StillEmployed,Active,Production,Ketsia Liebig,19,Google Search,Fully Meets,2.9,3,0,2019-01-21,0,6,50k-100k,Q1,0.759,9.681040383299111,1.0427073082341025,0
"Eaton, Marianne",10064,1,1,0,5,5,3,0,60070,1,19,Production Technician I,MA,2343,1991-09-05,F,Married,US Citizen,No,White,2011-04-04,2017-06-06,military,Voluntarily Terminated,Production,Kissy Sullivan,20,Google Search,Fully Meets,5.0,3,0,2017-04-09,0,7,50k-100k,Q4,0.6825000000000001,6.1738535249828885,1.001942412989451,0
"Engdahl, Jean",10247,0,0,1,1,5,3,0,48888,0,19,Production Technician I,MA,2026,1974-05-31,M,Single,US Citizen,No,White,2014-11-10,,N/A-StillEmployed,Active,Production,Kelley Spirea,18,LinkedIn,Fully Meets,4.7,5,0,2019-02-13,0,8,0-50k,Q3,0.8620000000000001,5.138945927446954,0.8154313415386761,0
"England, Rex",10235,1,1,1,1,5,3,0,54285,0,19,Production Technician I,MA,2045,1978-08-25,M,Married,US Citizen,No,White,2014-03-31,,N/A-StillEmployed,Active,Production,Kelley Spirea,18,Employee Referral,Fully Meets,4.2,3,0,2019-01-11,0,3,50k-100k,Q2,0.8445,5.752224503764545,0.905451038607164,0
"Erilus, Angela",10299,0,3,0,1,5,1,0,56847,0,20,Production Technician II,MA,2133,1989-08-25,F,Separated,US Citizen,No,White,2014-07-07,,N/A-StillEmployed,Active,Production,Michael Albert,22,Indeed,PIP,3.0,1,0,2019-02-25,2,5,50k-100k,Q1,0.5641666666666667,5.4839151266255985,0.9481841243750844,0
"Estremera, Miguel",10280,0,0,1,4,5,2,0,60340,1,19,Production Technician I,MA,2129,1983-09-02,M,Single,US Citizen,No,White,2012-04-02,2018-09-27,attendance,Terminated for Cause,Production,Michael Albert,22,Google Search,Needs Improvement,5.0,4,0,2018-04-12,5,16,50k-100k,Q4,0.5516666666666666,6.485968514715948,1.0064458997799812,0
"Evensen, April",10296,0,0,0,4,5,2,0,59124,1,19,Production Technician I,MA,2458,1989-05-06,F,Single,US Citizen,No,White,2014-02-17,2018-02-25,"no-call, no-show",Terminated for Cause,Production,Elijiah Gray,16,Google Search,Needs Improvement,2.3,3,0,2017-01-15,5,19,50k-100k,Q1,0.38216666666666665,4.0219028062970565,0.9861635296418894,0
"Exantus, Susan",10290,1,1,0,4,4,2,0,99280,1,24,Software Engineer,MA,1749,1987-05-15,F,Married,US Citizen,No,Black or African American,2011-05-02,2013-06-05,attendance,Terminated for Cause,Software Engineering,Alex Sweetwater,10,Indeed,Needs Improvement,2.1,5,4,2012-08-10,4,19,50k-100k,Q1,0.37183333333333335,2.0944558521560577,1.0451686502999376,0
"Faller, Megan",10263,1,1,0,1,5,3,0,71776,0,20,Production Technician II,MA,1824,1978-09-22,F,Married,US Citizen,No,Black or African American,2014-07-07,,N/A-StillEmployed,Active,Production,Elijiah Gray,16,LinkedIn,Fully Meets,4.4,5,0,2019-02-22,0,17,50k-100k,Q3,0.8215,5.4839151266255985,1.1971935847299955,0
"Fancett, Nicole",10136,0,0,0,1,5,3,0,65902,0,20,Production Technician II,MA,2324,1987-09-27,F,Single,US Citizen,No,Black or African American,2014-02-17,,N/A-StillEmployed,Active,Production,Webster Butler,,LinkedIn,Fully Meets,4.0,4,0,2019-01-07,0,7,50k-100k,Q2,0.8225,5.867214236824093,1.0992177276649042,0
"Ferguson, Susan",10189,1,1,0,5,5,3,0,57748,1,19,Production Technician I,MA,2176,1955-04-14,F,Married,US Citizen,No,White,2011-11-07,2016-05-17,military,Voluntarily Terminated,Production,Webster Butler,39,Google Search,Fully Meets,3.13,3,0,2016-02-04,0,16,50k-100k,Q1,0.5478000000000001,4.525667351129363,0.9632124265908908,0
"Fernandes, Nilson",10308,1,1,1,1,5,1,0,64057,0,19,Production Technician I,MA,2132,1989-10-18,M,Married,US Citizen,No,White,2015-05-11,,N/A-StillEmployed,Active,Production,Amy Dunn,11,Indeed,PIP,1.56,5,0,2019-01-03,6,15,50k-100k,Q1,0.4461,4.640657084188912,1.0684439012629474,0
"Fett, Boba",10309,0,0,1,1,3,1,0,53366,0,15,Network Engineer,MA,2138,1987-06-18,M,Single,US Citizen,No,White,2015-03-30,,N/A-StillEmployed,Active,IT/IS,Peter Monroe,7,LinkedIn,PIP,1.2,3,6,2019-02-04,3,2,50k-100k,Q1,0.462,4.75564681724846,0.5497985672228322,0
"Fidelia, Libby",10049,1,1,0,1,5,3,0,58530,0,19,Production Technician I,MA,2155,1981-03-16,F,Married,US Citizen,No,White,2012-01-09,,N/A-StillEmployed,Active,Production,Brannon Miller,12,Google Search,Fully Meets,5.0,5,0,2019-01-29,0,19,50k-100k,Q4,0.8525,7.975359342915811,0.9762558587027228,0
"Fitzpatrick, Michael J",10093,0,0,1,5,5,3,0,72609,1,20,Production Technician II,MA,2143,1981-10-01,M,Single,US Citizen,Yes,White,2011-05-16,2013-06-24,hours,Voluntarily Terminated,Production,Amy Dunn,11,Google Search,Fully Meets,4.76,5,0,2013-04-05,0,20,50k-100k,Q4,0.6356,2.108145106091718,1.2110876754578166,0
"Foreman, Tanya",10163,1,1,0,5,5,3,0,55965,1,20,Production Technician II,MA,2170,1983-11-08,F,Married,US Citizen,No,White,2011-04-04,2013-01-09,career change,Voluntarily Terminated,Production,Ketsia Liebig,19,Google Search,Fully Meets,3.66,3,0,2012-01-07,0,6,50k-100k,Q1,0.6046,1.7686516084873374,0.9334727341926855,0
"Forrest, Alex",10305,1,1,1,1,6,3,0,70187,1,3,Area Sales Manager,MA,2330,1975-07-07,M,Married,US Citizen,No,White,2014-09-29,2018-08-19,Fatal attraction,Terminated for Cause,Sales,Lynn Daneault,21,Employee Referral,PIP,2.0,5,0,2019-01-28,4,7,50k-100k,Q1,0.49583333333333335,3.887748117727584,1.0163006288479746,0
"Foss, Jason",10015,0,0,1,1,3,4,0,178000,0,12,IT Director,MA,1460,1980-07-05,M,Single,US Citizen,No,Black or African American,2011-04-15,,N/A-StillEmployed,Active,IT/IS,Jennifer Zamora,5,Indeed,Exceeds,5.0,5,5,2019-01-07,0,15,150k-200k,Q4,0.9624999999999999,8.711841204654347,1.8338294975389595,1
"Foster-Baker, Amy",10080,1,1,0,1,1,3,0,99351,0,26,Sr. Accountant,MA,2050,1979-04-16,F,Married,US Citizen,No,White,2009-01-05,,N/A-StillEmployed,Active,Admin Offices,Board of Directors,9,Other,Fully Meets,5.0,3,2,2019-02-08,0,3,50k-100k,Q4,0.8925000000000001,10.984257357973991,1.3838749967111728,1
"Fraval, Maruk",10258,0,0,1,1,6,3,0,67251,0,3,Area Sales Manager,CT,6050,1963-08-28,M,Single,US Citizen,No,Black or African American,2011-09-06,,N/A-StillEmployed,Active,Sales,Lynn Daneault,21,CareerBuilder,Fully Meets,4.3,3,0,2019-01-27,2,7,50k-100k,Q3,0.8371666666666667,8.317590691307323,0.9737876471519674,0
"Galia, Lisa",10273,0,0,0,1,3,3,0,65707,0,14,IT Support,CT,6040,1968-07-06,F,Single,US Citizen,No,White,2010-05-01,,N/A-StillEmployed,Active,IT/IS,Eric Dougall,6,LinkedIn,Fully Meets,4.7,4,5,2019-02-01,0,1,50k-100k,Q3,0.8795000000000001,9.66735112936345,0.6769406449145642,0
"Garcia, Raul",10111,0,0,1,1,5,3,0,52249,0,19,Production Technician I,MA,1905,1985-09-15,M,Single,US Citizen,Yes,White,2015-03-30,,N/A-StillEmployed,Active,Production,David Stanley,14,Employee Referral,Fully Meets,4.5,3,0,2019-02-18,0,5,50k-100k,Q3,0.8575,4.75564681724846,0.8714914122904248,0
"Gaul, Barbara",10257,0,0,0,1,5,3,0,53171,0,19,Production Technician I,MA,2121,1983-12-02,F,Single,US Citizen,Yes,Black or African American,2011-05-16,,N/A-StillEmployed,Active,Production,Kelley Spirea,18,LinkedIn,Fully Meets,4.2,4,0,2019-02-26,0,12,50k-100k,Q2,0.822,8.626967830253252,0.8868699857010504,0
"Gentry, Mildred",10159,1,1,0,1,5,3,0,51337,0,19,Production Technician I,MA,2145,1990-10-01,F,Married,US Citizen,No,Black or African American,2015-03-30,,N/A-StillEmployed,Active,Production,Michael Albert,22,LinkedIn,Fully Meets,3.73,3,0,2019-01-16,0,19,50k-100k,Q2,0.7763,4.75564681724846,0.856279634686856,0
"Gerke, Melisa",10122,0,2,0,5,5,3,1,51505,1,19,Production Technician I,MA,2330,1970-05-15,F,Divorced,US Citizen,No,Black or African American,2011-11-07,2016-11-15,hours,Voluntarily Terminated,Production,Elijiah Gray,16,Diversity Job Fair,Fully Meets,4.24,4,0,2016-04-29,0,2,50k-100k,Q2,0.6494,5.023956194387406,0.8590818042454081,0
"Gill, Whitney",10142,0,4,0,4,6,3,0,59370,1,3,Area Sales Manager,OH,43050,1971-07-10,F,Widowed,US Citizen,No,Black or African American,2014-07-07,2015-09-05,attendance,Terminated for Cause,Sales,John Smith,17,CareerBuilder,Fully Meets,3.97,4,0,2014-01-15,0,7,50k-100k,Q2,0.6207,1.163586584531143,0.8596715678787274,0
"Gilles, Alex",10283,1,1,1,5,5,2,1,54933,1,19,Production Technician I,MA,2062,1974-08-09,M,Married,US Citizen,No,Black or African American,2012-04-02,2015-06-25,military,Voluntarily Terminated,Production,Webster Butler,39,Diversity Job Fair,Needs Improvement,3.97,4,0,2015-01-20,3,15,50k-100k,Q2,0.49570000000000003,3.2279260780287475,0.9162594069044366,0
"Girifalco, Evelyn",10018,0,0,0,1,5,4,0,57815,0,19,Production Technician I,MA,2451,1980-05-08,F,Single,US Citizen,Yes,Two or more races,2014-09-29,,N/A-StillEmployed,Active,Production,Amy Dunn,11,Indeed,Exceeds,3.9,4,0,2019-02-07,0,3,50k-100k,Q2,0.9265000000000001,5.253935660506502,0.9643299584981705,0
"Givens, Myriam",10255,0,0,0,1,6,3,0,61555,0,3,Area Sales Manager,IN,46204,1989-09-22,F,Single,US Citizen,No,White,2015-02-16,,N/A-StillEmployed,Active,Sales,Lynn Daneault,21,Indeed,Fully Meets,4.5,5,0,2019-01-25,0,20,50k-100k,Q3,0.8200000000000001,4.870636550308008,0.8913101458779699,0
"Goble, Taisha",10246,0,0,0,4,3,3,0,114800,1,8,Database Administrator,MA,2127,1971-10-23,F,Single,US Citizen,No,White,2015-02-16,2015-03-15,"no-call, no-show",Terminated for Cause,IT/IS,Simon Roup,4,Indeed,Fully Meets,4.6,4,4,2015-01-20,0,10,100k-150k,Q3,0.651,0.07392197125256673,1.1827170017835538,0
"Goeth, Amon",10228,1,1,1,1,3,3,0,74679,0,14,IT Support,MA,2135,1989-11-24,M,Married,US Citizen,Yes,White,2015-03-30,,N/A-StillEmployed,Active,IT/IS,Peter Monroe,7,LinkedIn,Fully Meets,4.3,5,7,2019-01-10,0,20,50k-100k,Q3,0.808,4.75564681724846,0.7693738935208537,0
"Gold, Shenice",10243,0,0,0,1,5,3,0,53018,0,19,Production Technician I,MA,2451,1992-06-18,F,Single,US Citizen,Yes,White,2013-11-11,,N/A-StillEmployed,Active,Production,Ketsia Liebig,19,Indeed,Fully Meets,4.3,5,0,2019-02-18,0,7,50k-100k,Q3,0.8405,6.135523613963039,0.8843180098530832,0
"Gonzalez, Cayo",10031,0,2,1,1,5,4,1,59892,0,19,Production Technician I,MA,2108,1969-09-29,M,Divorced,US Citizen,No,Black or African American,2011-07-11,,N/A-StillEmployed,Active,Production,Brannon Miller,12,Diversity Job Fair,Exceeds,4.5,4,0,2019-02-18,0,1,50k-100k,Q3,0.9675000000000001,8.473648186173854,0.9989734476238421,0
"Gonzalez, Juan",10300,1,1,1,5,5,1,1,68898,1,20,Production Technician II,MA,2128,1964-10-12,M,Married,US Citizen,No,Black or African American,2010-04-26,2011-05-30,career change,Voluntarily Terminated,Production,Brannon Miller,12,Diversity Job Fair,PIP,3.0,3,0,2011-03-06,3,10,50k-100k,Q1,0.35000000000000003,1.0924024640657084,1.1491897514590843,0
"Gonzalez, Maria",10101,0,3,0,1,3,3,0,61242,0,14,IT Support,MA,2472,1981-04-16,F,Separated,US Citizen,Yes,White,2015-01-05,,N/A-StillEmployed,Active,IT/IS,Peter Monroe,7,Employee Referral,Fully Meets,4.61,4,5,2019-01-28,0,11,50k-100k,Q3,0.8491,4.985626283367557,0.6309403712824774,0
"Good, Susan",10237,1,1,0,3,5,3,0,66825,0,20,Production Technician II,MA,1886,1986-05-25,F,Married,US Citizen,No,White,2014-05-12,,N/A-StillEmployed,Active,Production,David Stanley,14,LinkedIn,Fully Meets,4.6,3,0,2019-02-07,0,20,50k-100k,Q3,0.8260000000000001,5.637234770704997,1.1146129806562353,0
"Gordon, David",10051,1,1,1,1,5,3,0,48285,0,19,Production Technician I,MA,2169,1979-05-21,M,Married,US Citizen,No,White,2012-07-02,,N/A-StillEmployed,Active,Production,David Stanley,14,LinkedIn,Fully Meets,5.0,3,0,2019-01-14,0,2,0-50k,Q4,0.895,7.496235455167693,0.8053735543731586,0
"Gosciminski, Phylicia",10218,0,3,0,3,5,3,0,66149,0,20,Production Technician II,MA,1824,1983-12-08,F,Separated,US Citizen,No,American Indian or Alaska Native,2013-09-30,,N/A-StillEmployed,Active,Production,Kissy Sullivan,20,Google Search,Fully Meets,4.4,5,0,2019-02-21,0,1,50k-100k,Q3,0.8615,6.250513347022587,1.1033375840992041,0
"Goyal, Roxana",10256,1,1,0,3,5,3,0,49256,0,19,Production Technician I,MA,1864,1974-10-09,F,Married,US Citizen,No,Asian,2013-08-19,,N/A-StillEmployed,Active,Production,Kissy Sullivan,20,LinkedIn,Fully Meets,4.1,5,0,2019-02-15,0,3,0-50k,Q2,0.8385,6.365503080082136,0.8215694272383618,0
"Gray, Elijiah",10098,0,2,1,1,5,3,0,62957,0,18,Production Manager,MA,1752,1981-07-11,M,Divorced,US Citizen,No,White,2015-06-02,,N/A-StillEmployed,Active,Production,Janet King,2,Employee Referral,Fully Meets,4.63,3,0,2019-01-04,0,2,50k-100k,Q3,0.8728,4.5804243668720055,1.0500963624867132,0
"Gross, Paula",10059,0,2,0,5,5,3,0,63813,1,19,Production Technician I,MA,2176,1983-05-21,F,Divorced,US Citizen,No,White,2011-02-21,2014-01-11,more money,Voluntarily Terminated,Production,Kelley Spirea,18,CareerBuilder,Fully Meets,5.0,5,0,2013-06-03,0,17,50k-100k,Q4,0.6575000000000001,2.8884325804243667,1.0643740835707647,0
"Gruber, Hans",10234,1,1,1,1,3,3,0,99020,0,4,BI Developer,MA,2134,1989-06-30,M,Married,US Citizen,No,Black or African American,2017-04-20,,N/A-StillEmployed,Active,IT/IS,Brian Champaigne,13,Indeed,Fully Meets,4.2,5,5,2019-01-28,0,8,50k-100k,Q2,0.8320000000000001,2.6967830253251197,1.0201449261028528,0
"Guilianno, Mike",10109,0,0,1,5,6,3,0,71707,1,3,Area Sales Manager,TN,37129,1969-02-09,M,Single,US Citizen,No,Two or more races,2012-03-07,2014-10-31,relocation out of area,Voluntarily Terminated,Sales,John Smith,17,LinkedIn,Fully Meets,4.5,5,0,2013-02-01,0,20,50k-100k,Q3,0.6200000000000001,2.650239561943874,1.0383100744126648,0
"Handschiegl, Joanne",10125,1,1,0,1,5,3,0,54828,0,19,Production Technician I,MA,2127,1977-03-23,F,Married,US Citizen,No,White,2011-11-28,,N/A-StillEmployed,Active,Production,Michael Albert,22,Google Search,Fully Meets,4.2,4,0,2019-02-22,0,13,50k-100k,Q2,0.8195,8.09034907597536,0.9145080509303415,0
"Hankard, Earnest",10074,0,0,1,1,5,3,0,64246,0,20,Production Technician II,MA,2155,1988-08-10,M,Single,US Citizen,Yes,White,2013-11-11,,N/A-StillEmployed,Active,Production,Kelley Spirea,18,LinkedIn,Fully Meets,5.0,3,0,2019-01-08,0,20,50k-100k,Q4,0.8500000000000001,6.135523613963039,1.0715963420163186,0
"Harrington, Christie",10097,0,0,0,5,5,3,0,52177,1,19,Production Technician I,MA,2324,1952-08-18,F,Single,US Citizen,No,White,2012-01-09,2015-12-15,retiring,Voluntarily Terminated,Production,Webster Butler,39,CareerBuilder,Fully Meets,4.64,4,0,2015-05-02,0,8,50k-100k,Q3,0.6584000000000001,3.9315537303216974,0.8702904824796168,0
"Harrison, Kara",10007,1,1,0,1,5,4,0,62065,0,19,Production Technician I,MA,1886,1974-05-02,F,Married,US Citizen,No,White,2014-05-12,,N/A-StillEmployed,Active,Production,Amy Dunn,11,CareerBuilder,Exceeds,4.76,4,0,2019-02-15,0,5,50k-100k,Q4,0.9731,5.637234770704997,1.0352181764972577,0
"Heitzman, Anthony",10129,0,0,1,1,5,3,0,46998,0,19,Production Technician I,MA,2149,1984-01-04,M,Single,US Citizen,No,White,2012-08-13,,N/A-StillEmployed,Active,Production,Ketsia Liebig,19,Google Search,Fully Meets,4.17,4,0,2019-02-11,0,1,0-50k,Q2,0.8477,7.381245722108145,0.7839069340049645,0
"Hendrickson, Trina",10075,0,0,0,5,5,3,0,68099,1,20,Production Technician II,MA,2021,1972-08-27,F,Single,US Citizen,No,White,2011-01-10,2013-06-18,hours,Voluntarily Terminated,Production,Kelley Spirea,18,CareerBuilder,Fully Meets,5.0,3,0,2013-01-30,0,15,50k-100k,Q4,0.6625000000000001,2.43668720054757,1.1358627664752559,0
"Hitchcock, Alfred",10167,1,1,1,1,6,3,0,70545,0,3,Area Sales Manager,NH,3062,1988-09-14,M,Married,US Citizen,No,American Indian or Alaska Native,2014-08-18,,N/A-StillEmployed,Active,Sales,John Smith,17,Indeed,Fully Meets,3.6,5,0,2019-01-30,0,9,50k-100k,Q1,0.7935,5.368925393566051,1.021484432474395,0
"Homberger, Adrienne J",10195,1,1,0,5,5,3,0,63478,1,20,Production Technician II,MA,2445,1984-02-16,F,Married,Non-Citizen,No,White,2011-08-15,2012-04-07,relocation out of area,Voluntarily Terminated,Production,Michael Albert,30,Indeed,Fully Meets,3.03,5,0,2012-03-05,0,16,50k-100k,Q1,0.5418000000000001,0.6461327857631759,1.058786424034366,0
"Horton, Jayne",10112,0,0,0,1,3,3,0,97999,0,8,Database Administrator,MA,2493,1984-02-21,F,Single,US Citizen,No,White,2015-03-30,,N/A-StillEmployed,Active,IT/IS,Simon Roup,4,Indeed,Fully Meets,4.48,5,6,2019-01-03,0,4,50k-100k,Q3,0.8588000000000001,4.75564681724846,1.0096261625242724,0
"Houlihan, Debra",10272,1,1,0,1,6,3,0,180000,0,11,Director of Sales,RI,2908,1966-03-17,F,Married,US Citizen,No,White,2014-05-05,,N/A-StillEmployed,Active,Sales,Janet King,2,LinkedIn,Fully Meets,4.5,4,0,2019-01-21,0,19,150k-200k,Q3,0.8225,5.6563997262149215,2.606381711608067,0
"Howard, Estelle",10182,1,1,0,1,1,3,0,49920,1,2,Administrative Assistant,MA,2170,1985-09-16,F,Married,US Citizen,No,Black or African American,2015-02-16,2015-04-15,"no-call, no-show",Terminated for Cause,Admin Offices,Brandon R. LeBlanc,1,Indeed,Fully Meets,3.24,3,4,2015-04-15,0,6,0-50k,Q1,0.5794,0.15879534565366188,0.6953431755676516,0
"Hudson, Jane",10248,0,0,0,1,5,3,0,55425,0,19,Production Technician I,MA,2176,1986-06-10,F,Single,US Citizen,No,White,2012-02-20,,N/A-StillEmployed,Active,Production,Ketsia Liebig,19,LinkedIn,Fully Meets,4.8,4,0,2019-01-07,0,4,50k-100k,Q4,0.878,7.860369609856263,0.924465760611625,0
"Hunts, Julissa",10201,0,0,0,2,5,3,0,69340,0,20,Production Technician II,MA,2021,1984-03-11,F,Single,US Citizen,No,White,2016-06-06,,N/A-StillEmployed,Active,Production,Elijiah Gray,16,LinkedIn,Fully Meets,3.0,5,0,2019-01-18,0,4,50k-100k,Q1,0.77,3.567419575633128,1.1565621261309893,0
"Hutter, Rosalie",10214,0,3,0,2,5,3,0,64995,0,20,Production Technician II,MA,2351,1992-05-07,F,Separated,US Citizen,No,White,2015-06-05,,N/A-StillEmployed,Active,Production,Webster Butler,,Indeed,Fully Meets,4.5,3,0,2019-02-14,0,6,50k-100k,Q3,0.855,4.572210814510609,1.0840893479648637,0
"Huynh, Ming",10160,0,2,0,5,5,3,0,68182,1,20,Production Technician II,MA,1742,1976-09-22,F,Divorced,US Citizen,No,White,2011-02-21,2013-04-01,unhappy,Voluntarily Terminated,Production,Amy Dunn,11,Google Search,Fully Meets,3.72,3,0,2013-02-01,0,18,50k-100k,Q2,0.5782,2.108145106091718,1.1372471716738262,0
"Immediato, Walter",10289,1,1,1,5,5,2,0,83082,1,18,Production Manager,MA,2128,1976-11-15,M,Married,US Citizen,No,Asian,2011-02-21,2012-09-24,unhappy,Voluntarily Terminated,Production,Janet King,2,Indeed,Needs Improvement,2.34,2,0,2012-04-12,3,4,50k-100k,Q1,0.42540000000000006,1.5906913073237507,1.385772924188273,0
"Ivey, Rose",10139,0,0,0,1,5,3,0,51908,0,19,Production Technician I,MA,1775,1991-01-28,F,Single,US Citizen,No,White,2013-08-19,,N/A-StillEmployed,Active,Production,Brannon Miller,12,Indeed,Fully Meets,3.99,3,0,2019-01-14,0,14,50k-100k,Q2,0.8044,6.365503080082136,0.8658036752697922,0
"Jackson, Maryellen",10227,0,0,0,1,5,3,0,61242,0,19,Production Technician I,MA,2081,1972-09-11,F,Single,US Citizen,No,Black or African American,2012-11-05,,N/A-StillEmployed,Active,Production,David Stanley,14,LinkedIn,Fully Meets,4.1,3,0,2019-01-17,0,7,50k-100k,Q2,0.8285,7.151266255989048,1.0214908815764934,0
"Jacobi, Hannah",10236,0,2,0,1,5,3,0,45069,0,19,Production Technician I,MA,1778,1966-03-22,F,Divorced,US Citizen,No,White,2013-09-30,,N/A-StillEmployed,Active,Production,Kissy Sullivan,20,Employee Referral,Fully Meets,4.3,5,0,2019-02-22,0,7,0-50k,Q3,0.8405,6.250513347022587,0.7517320228237316,0
"Jeannite, Tayana",10009,0,2,0,1,5,4,0,60724,0,20,Production Technician II,MA,1821,1986-11-06,F,Divorced,US Citizen,No,American Indian or Alaska Native,2011-07-05,,N/A-StillEmployed,Active,Production,Ketsia Liebig,19,LinkedIn,Exceeds,4.6,4,0,2019-02-25,0,11,50k-100k,Q3,0.9484999999999999,8.490075290896646,1.0128508587709575,0
"Jhaveri, Sneha",10060,0,3,0,1,5,3,0,60436,0,19,Production Technician I,MA,2109,1964-04-13,F,Separated,US Citizen,No,White,2014-01-06,,N/A-StillEmployed,Active,Production,Kelley Spirea,18,LinkedIn,Fully Meets,5.0,5,0,2019-01-21,0,9,50k-100k,Q4,0.8775000000000001,5.982203969883641,1.0080471395277253,0
"Johnson, George",10034,1,1,1,5,5,4,0,46837,1,19,Production Technician I,MA,2445,1959-08-19,M,Married,US Citizen,No,White,2011-11-07,2018-04-29,more money,Voluntarily Terminated,Production,Michael Albert,22,CareerBuilder,Exceeds,4.7,4,0,2018-02-14,0,9,0-50k,Q3,0.7595000000000001,6.4750171115674195,0.7812215215113519,0
"Johnson, Noelle",10156,1,1,0,3,3,3,0,105700,0,8,Database Administrator,MA,2301,1986-11-07,F,Married,US Citizen,No,Asian,2015-01-05,,N/A-StillEmployed,Active,IT/IS,Simon Roup,4,Indeed,Fully Meets,3.75,3,5,2019-02-11,0,2,100k-150k,Q2,0.8200000000000001,4.985626283367557,1.0889650443251013,0
"Johnston, Yen",10036,0,0,0,1,5,4,0,63322,0,20,Production Technician II,MA,2128,1969-09-08,F,Single,US Citizen,No,White,2014-07-07,,N/A-StillEmployed,Active,Production,Brannon Miller,12,LinkedIn,Exceeds,4.3,3,0,2019-01-11,0,1,50k-100k,Q3,0.9555000000000001,5.4839151266255985,1.0561844094442818,0
"Jung, Judy",10138,1,1,0,5,5,3,0,61154,1,19,Production Technician I,MA,2446,1986-04-17,F,Married,US Citizen,No,Black or African American,2011-01-10,2016-04-01,unhappy,Voluntarily Terminated,Production,Elijiah Gray,16,CareerBuilder,Fully Meets,4.0,4,0,2016-02-03,0,4,50k-100k,Q2,0.63,5.223819301848049,1.0200230784743944,0
"Kampew, Donysha",10244,0,0,0,5,6,3,0,68999,1,21,Sales Manager,PA,19444,1989-11-11,F,Single,US Citizen,No,White,2011-11-07,2014-04-24,maternity leave - did not return,Voluntarily Terminated,Sales,Debra Houlihan,15,Google Search,Fully Meets,4.5,5,0,2013-03-30,0,2,50k-100k,Q3,0.665,2.461327857631759,0.9990985095513613,0
"Keatts, Kramer",10192,0,0,1,1,5,3,0,50482,0,19,Production Technician I,MA,1887,1976-01-19,M,Single,US Citizen,No,White,2013-09-30,,N/A-StillEmployed,Active,Production,Michael Albert,22,Indeed,Fully Meets,3.07,4,0,2019-01-23,0,10,50k-100k,Q1,0.7592000000000001,6.250513347022587,0.8420185931835102,0
"Khemmich, Bartholemew",10231,0,0,1,1,6,3,0,65310,0,3,Area Sales Manager,CO,80820,1979-11-27,M,Single,US Citizen,No,White,2013-08-19,,N/A-StillEmployed,Active,Sales,Lynn Daneault,21,Indeed,Fully Meets,4.3,5,0,2019-01-22,0,13,50k-100k,Q3,0.8255,6.365503080082136,0.9456821643617938,0
"King, Janet",10089,1,1,0,1,2,3,0,250000,0,16,President & CEO,MA,1902,1954-09-21,F,Married,US Citizen,Yes,White,2012-07-02,,N/A-StillEmployed,Active,Executive Office,Board of Directors,9,Indeed,Fully Meets,4.83,3,0,2019-01-17,0,10,200k+,Q4,0.8648,7.496235455167693,1.0,0
"Kinsella, Kathleen",10166,1,1,0,5,5,3,0,54005,1,19,Production Technician I,MA,2170,1973-12-08,F,Married,US Citizen,No,White,2011-09-26,2015-06-04,more money,Voluntarily Terminated,Production,Webster Butler,39,Google Search,Fully Meets,3.6,5,0,2015-03-01,0,16,50k-100k,Q1,0.5760000000000001,3.6878850102669403,0.9007807560095771,0
"Kirill, Alexandra",10170,1,1,0,5,5,3,0,45433,1,19,Production Technician I,MA,2127,1970-10-08,F,Married,US Citizen,No,White,2011-09-26,2014-01-09,more money,Voluntarily Terminated,Production,Amy Dunn,11,Google Search,Fully Meets,3.49,4,0,2013-01-30,0,6,0-50k,Q1,0.5944,2.2888432580424367,0.7578033902005947,0
"Knapp, Bradley J",10208,0,0,1,1,5,3,0,46654,0,19,Production Technician I,MA,1721,1977-11-10,M,Single,US Citizen,No,Black or African American,2014-02-17,,N/A-StillEmployed,Active,Production,Ketsia Liebig,19,LinkedIn,Fully Meets,3.1,3,0,2019-02-06,0,3,0-50k,Q1,0.7785000000000001,5.867214236824093,0.7781691582422148,0
"Kretschmer, John",10176,1,1,1,1,5,3,0,63973,0,19,Production Technician I,MA,1801,1980-02-02,M,Married,US Citizen,No,Asian,2011-01-10,,N/A-StillEmployed,Active,Production,Brannon Miller,12,Indeed,Fully Meets,3.38,3,0,2019-01-21,0,17,50k-100k,Q1,0.7603000000000001,8.971937029431896,1.0670428164836714,0
"Kreuger, Freddy",10165,0,0,1,1,6,3,1,71339,0,3,Area Sales Manager,NY,10171,1969-02-24,M,Single,US Citizen,Yes,Black or African American,2011-03-07,,N/A-StillEmployed,Active,Sales,John Smith,17,Diversity Job Fair,Fully Meets,3.65,5,0,2019-01-17,0,20,50k-100k,Q1,0.7690000000000001,8.818617385352498,1.032981471802266,0
"Lajiri, Jyoti",10113,1,1,1,3,3,3,0,93206,0,28,Sr. Network Engineer,MA,2169,1986-04-23,M,Married,US Citizen,No,White,2014-11-10,,N/A-StillEmployed,Active,IT/IS,Peter Monroe,7,Employee Referral,Fully Meets,4.46,5,6,2019-01-07,0,7,50k-100k,Q3,0.8501000000000001,5.138945927446954,0.9602466974585183,0
"Landa, Hans",10092,1,1,1,4,5,3,0,82758,1,18,Production Manager,MA,1890,1972-07-01,M,Married,US Citizen,No,White,2011-01-10,2015-12-12,attendance,Terminated for Cause,Production,Janet King,2,Employee Referral,Fully Meets,4.78,4,0,2015-02-15,0,9,50k-100k,Q4,0.6643,4.919917864476386,1.3803687400396367,0
"Langford, Lindsey",10106,0,2,0,5,5,3,0,66074,1,20,Production Technician II,MA,2090,1979-07-25,F,Divorced,US Citizen,No,Asian,2013-01-07,2014-03-31,Another position,Voluntarily Terminated,Production,David Stanley,14,Indeed,Fully Meets,4.52,3,0,2014-02-20,0,20,50k-100k,Q3,0.6212,1.2265571526351813,1.102086615546279,0
"Langton, Enrico",10052,1,1,1,1,5,3,0,46120,0,19,Production Technician I,MA,2048,1986-12-09,M,Married,US Citizen,No,White,2012-07-09,,N/A-StillEmployed,Active,Production,David Stanley,14,LinkedIn,Fully Meets,5.0,5,0,2019-02-04,0,13,0-50k,Q4,0.8675,7.477070499657769,0.7692622621453883,0
"LaRotonda, William",10038,0,2,1,1,1,3,0,64520,0,1,Accountant I,MA,1460,1984-04-26,M,Divorced,US Citizen,No,Black or African American,2014-01-06,,N/A-StillEmployed,Active,Admin Offices,Brandon R. LeBlanc,1,Website,Fully Meets,5.0,4,4,2019-01-17,0,3,50k-100k,Q4,0.8925000000000001,5.982203969883641,0.8987087677809471,0
"Latif, Mohammed",10249,1,1,1,5,5,3,0,61962,1,20,Production Technician II,MA,2126,1984-05-09,M,Married,US Citizen,No,White,2012-04-02,2013-04-15,more money,Voluntarily Terminated,Production,Kissy Sullivan,20,Google Search,Fully Meets,4.9,3,0,2013-02-20,0,20,50k-100k,Q4,0.6440000000000001,1.0349075975359343,1.033500179684574,0
"Le, Binh",10232,0,0,0,1,3,3,0,81584,0,22,Senior BI Developer,MA,1886,1987-06-14,F,Single,US Citizen,No,Asian,2016-10-02,,N/A-StillEmployed,Active,IT/IS,Brian Champaigne,13,Indeed,Fully Meets,4.1,5,7,2019-01-08,0,2,50k-100k,Q2,0.841,3.24435318275154,0.8405120546472948,0
"Leach, Dallas",10087,0,0,0,5,5,3,0,63676,1,19,Production Technician I,MA,1810,1979-01-17,F,Single,US Citizen,No,Asian,2011-09-26,2018-08-19,return to school,Voluntarily Terminated,Production,Kissy Sullivan,20,CareerBuilder,Fully Meets,4.88,3,0,2017-07-02,0,17,50k-100k,Q4,0.6503,6.896646132785763,1.062088981014088,0
"LeBlanc, Brandon R",10134,1,1,1,1,1,3,0,93046,0,23,Shared Services Manager,MA,1460,1984-06-10,M,Married,US Citizen,No,White,2016-01-05,,N/A-StillEmployed,Active,Admin Offices,Janet King,2,CareerBuilder,Fully Meets,4.1,4,0,2019-01-28,0,20,50k-100k,Q2,0.796,3.9863107460643397,1.2960517050053626,0
"Lecter, Hannibal",10251,1,1,1,1,5,3,0,64738,0,19,Production Technician I,MA,1776,1982-09-02,M,Married,US Citizen,No,Asian,2012-05-14,,N/A-StillEmployed,Active,Production,Elijiah Gray,16,Google Search,Fully Meets,4.1,3,0,2019-02-22,0,10,50k-100k,Q2,0.821,7.630390143737166,1.0798026957235072,1
"Leruth, Giovanni",10103,0,3,1,1,6,3,0,70468,0,3,Area Sales Manager,UT,84111,1988-12-27,M,Separated,US Citizen,No,Black or African American,2012-04-30,,N/A-StillEmployed,Active,Sales,John Smith,17,Website,Fully Meets,4.53,3,0,2019-01-29,0,16,50k-100k,Q3,0.8318000000000001,7.668720054757015,1.0203694802977628,0
"Liebig, Ketsia",10017,1,1,0,1,5,4,0,77915,0,18,Production Manager,MA,2110,1981-10-26,F,Married,US Citizen,No,White,2013-09-30,,N/A-StillEmployed,Active,Production,Janet King,2,Website,Exceeds,4.1,3,0,2019-01-21,0,11,50k-100k,Q2,0.9185000000000001,6.250513347022587,1.2995895306820886,0
"Linares, Marilyn",10186,1,1,0,5,5,3,0,52624,1,19,Production Technician I,MA,1886,1981-03-26,F,Married,US Citizen,No,White,2011-07-05,2018-09-26,unhappy,Voluntarily Terminated,Production,Michael Albert,22,Indeed,Fully Meets,3.18,4,0,2018-03-02,0,16,50k-100k,Q1,0.5508,7.227926078028747,0.8777462550550502,0
"Linden, Mathew",10137,1,1,1,3,5,3,0,63450,0,20,Production Technician II,MA,1770,1979-03-19,M,Married,US Citizen,No,White,2013-07-08,,N/A-StillEmployed,Active,Production,Kelley Spirea,18,LinkedIn,Fully Meets,4.0,3,0,2019-02-18,0,7,50k-100k,Q2,0.8225,6.480492813141684,1.0583193957746073,0
"Lindsay, Leonara",10008,0,0,0,1,3,4,1,51777,0,14,IT Support,CT,6070,1988-10-05,F,Single,US Citizen,Yes,Black or African American,2011-01-21,,N/A-StillEmployed,Active,IT/IS,Eric Dougall,6,Diversity Job Fair,Exceeds,4.64,4,5,2019-01-25,0,14,50k-100k,Q3,0.9434,8.941820670773442,0.5334280331127793,0
"Lundy, Susan",10096,0,4,0,5,5,3,0,67237,1,20,Production Technician II,MA,2122,1976-12-26,F,Widowed,US Citizen,No,White,2013-07-08,2016-09-15,more money,Voluntarily Terminated,Production,Michael Albert,22,LinkedIn,Fully Meets,4.65,4,0,2016-06-10,0,15,50k-100k,Q3,0.6415000000000001,3.189596167008898,1.1214849679069703,0
"Lunquist, Lisa",10035,0,0,0,1,5,4,0,73330,0,20,Production Technician II,MA,2324,1982-03-28,F,Single,US Citizen,No,Black or African American,2013-08-19,,N/A-StillEmployed,Active,Production,Elijiah Gray,16,Indeed,Exceeds,4.2,4,0,2019-02-12,0,19,50k-100k,Q2,0.9045000000000001,6.365503080082136,1.223113653146603,0
"Lydon, Allison",10057,1,1,0,3,5,3,0,52057,0,19,Production Technician I,MA,2122,1975-10-22,F,Married,US Citizen,No,Black or African American,2015-02-16,,N/A-StillEmployed,Active,Production,Elijiah Gray,16,Website,Fully Meets,5.0,3,0,2019-01-23,0,6,50k-100k,Q4,0.885,4.870636550308008,0.8682889327949367,0
"Lynch, Lindsay",10004,0,0,0,5,5,4,1,47434,1,19,Production Technician I,MA,1844,1973-02-14,F,Single,US Citizen,Yes,Black or African American,2011-11-07,2015-11-14,Another position,Voluntarily Terminated,Production,Webster Butler,39,Diversity Job Fair,Exceeds,5.0,4,0,2015-02-02,0,17,0-50k,Q4,0.7575,4.0191649555099245,0.7911792311926354,0
"MacLennan, Samuel",10191,0,4,1,5,5,3,0,52788,1,19,Production Technician I,MA,1938,1972-11-09,M,Widowed,US Citizen,No,White,2012-09-24,2017-09-26,hours,Voluntarily Terminated,Production,Amy Dunn,11,Indeed,Fully Meets,3.08,4,0,2017-04-01,0,18,50k-100k,Q1,0.5398000000000001,5.004791238877481,0.8804817062907797,0
"Mahoney, Lauren",10219,0,0,0,1,5,3,0,45395,0,19,Production Technician I,MA,2189,1986-07-07,F,Single,US Citizen,No,White,2014-01-06,,N/A-StillEmployed,Active,Production,Ketsia Liebig,19,LinkedIn,Fully Meets,4.6,4,0,2019-02-26,0,14,0-50k,Q3,0.841,5.982203969883641,0.7571695661337793,0
"Manchester, Robyn",10077,1,1,0,2,5,3,0,62385,0,20,Production Technician II,MA,2324,1976-08-25,F,Married,US Citizen,No,White,2016-05-11,,N/A-StillEmployed,Active,Production,Webster Butler,,LinkedIn,Fully Meets,5.0,3,0,2019-01-21,0,4,50k-100k,Q4,0.89,3.6386036960985626,1.0405556423230713,0
"Mancuso, Karen",10073,1,1,0,5,5,3,0,68407,1,20,Production Technician II,MA,2176,1986-12-10,F,Married,US Citizen,No,Two or more races,2011-07-05,2012-08-19,Another position,Voluntarily Terminated,Production,Amy Dunn,11,LinkedIn,Fully Meets,5.0,4,0,2012-07-02,0,16,50k-100k,Q4,0.6600000000000001,1.1252566735112937,1.1410000773326014,0
"Mangal, Debbie",10279,1,1,0,1,5,3,0,61349,0,19,Production Technician I,MA,2451,1974-11-07,F,Married,US Citizen,No,White,2013-11-11,,N/A-StillEmployed,Active,Production,Brannon Miller,12,LinkedIn,Fully Meets,4.1,3,0,2019-01-22,0,11,50k-100k,Q2,0.8185,6.135523613963039,1.0232755967119997,0
"Martin, Sandra",10110,0,0,0,1,4,3,0,105688,0,24,Software Engineer,MA,2135,1987-11-07,F,Single,US Citizen,No,Asian,2013-11-11,,N/A-StillEmployed,Active,Software Engineering,Alex Sweetwater,10,Google Search,Fully Meets,4.5,5,4,2019-01-14,0,14,100k-150k,Q3,0.835,6.135523613963039,1.112628770274978,0
"Maurice, Shana",10053,1,1,0,1,5,3,0,54132,0,19,Production Technician I,MA,2330,1977-11-22,F,Married,US Citizen,No,White,2011-05-31,,N/A-StillEmployed,Active,Production,David Stanley,14,Indeed,Fully Meets,5.0,4,0,2019-01-10,0,8,50k-100k,Q4,0.8800000000000001,8.58590006844627,0.9028990627591968,0
"Carthy, B'rigit",10076,0,0,0,1,5,3,0,55315,0,20,Production Technician II,MA,2149,1987-05-21,F,Single,US Citizen,No,Black or African American,2015-03-30,,N/A-StillEmployed,Active,Production,Ketsia Liebig,19,LinkedIn,Fully Meets,5.0,5,0,2019-02-07,0,16,50k-100k,Q4,0.8600000000000001,4.75564681724846,0.9226310067340016,0
"Mckenna, Sandy",10145,1,1,0,1,5,3,0,62810,0,19,Production Technician I,MA,2184,1987-01-07,F,Married,US Citizen,No,Black or African American,2013-01-07,,N/A-StillEmployed,Active,Production,Kissy Sullivan,20,CareerBuilder,Fully Meets,3.93,3,0,2019-01-30,0,20,50k-100k,Q2,0.7858,6.978781656399726,1.04764446412298,0
"McKinzie, Jac",10202,1,1,1,2,6,3,0,63291,0,3,Area Sales Manager,TX,78789,1984-07-01,M,Married,US Citizen,No,Two or more races,2016-07-06,,N/A-StillEmployed,Active,Sales,Lynn Daneault,21,Website,Fully Meets,3.4,4,0,2019-01-29,0,7,50k-100k,Q1,0.7865,3.485284052019165,0.9164472494965898,0
"Meads, Elizabeth",10128,0,0,0,5,5,3,1,62659,1,19,Production Technician I,MA,1760,1968-05-30,F,Single,US Citizen,No,Black or African American,2012-04-02,2016-11-11,Another position,Voluntarily Terminated,Production,Kelley Spirea,18,Diversity Job Fair,Fully Meets,4.18,4,0,2016-02-05,0,17,50k-100k,Q2,0.6083,4.610540725530458,1.0451258474364242,0
"Medeiros, Jennifer",10068,0,0,0,1,5,3,0,55688,0,19,Production Technician I,MA,2346,1976-09-22,F,Single,US Citizen,No,White,2015-03-30,,N/A-StillEmployed,Active,Production,Michael Albert,22,CareerBuilder,Fully Meets,5.0,4,0,2019-01-21,0,10,50k-100k,Q4,0.875,4.75564681724846,0.9288524903372156,0
"Miller, Brannon",10116,0,0,1,1,5,3,0,83667,0,18,Production Manager,MA,2045,1981-08-10,M,Single,US Citizen,Yes,Hispanic,2012-08-16,,N/A-StillEmployed,Active,Production,Janet King,2,Indeed,Fully Meets,4.37,3,0,2019-01-14,0,2,50k-100k,Q3,0.8572,7.3730321697467485,1.3955304789010885,1
"Miller, Ned",10298,0,0,1,5,5,1,0,55800,1,20,Production Technician II,MA,2472,1985-06-29,M,Single,US Citizen,No,White,2011-08-15,2014-09-04,unhappy,Voluntarily Terminated,Production,Brannon Miller,12,LinkedIn,PIP,3.0,2,0,2013-01-14,6,6,50k-100k,Q1,0.35500000000000004,3.055441478439425,0.9307206033762504,0
"Monkfish, Erasumus",10213,1,1,1,1,5,3,0,58207,0,20,Production Technician II,MA,1450,1992-08-17,M,Married,US Citizen,No,White,2011-11-07,,N/A-StillEmployed,Active,Production,David Stanley,14,LinkedIn,Fully Meets,3.7,3,0,2019-01-08,0,14,50k-100k,Q2,0.7869999999999999,8.147843942505133,0.9708683541347922,0
"Monroe, Peter",10288,1,1,1,1,3,2,1,157000,0,13,IT Manager - Infra,MA,2134,1986-10-05,M,Married,Eligible NonCitizen,Yes,Black or African American,2012-02-15,,N/A-StillEmployed,Active,IT/IS,Jennifer Zamora,5,Diversity Job Fair,Needs Improvement,2.39,3,6,2019-02-22,4,13,150k-200k,Q1,0.6042333333333334,7.874058863791923,1.6174788264809925,1
"Monterro, Luisa",10025,0,0,0,1,5,4,0,72460,0,20,Production Technician II,MA,2126,1970-04-24,F,Single,US Citizen,No,Black or African American,2013-05-13,,N/A-StillEmployed,Active,Production,Kissy Sullivan,20,Indeed,Exceeds,4.7,3,0,2019-01-14,0,1,50k-100k,Q3,0.9795000000000001,6.633812457221081,1.208602417932672,0
"Moran, Patrick",10223,0,0,1,3,5,3,1,72106,0,20,Production Technician II,MA,2127,1976-12-03,M,Single,US Citizen,No,Black or African American,2012-01-09,,N/A-StillEmployed,Active,Production,Kelley Spirea,18,Diversity Job Fair,Fully Meets,4.1,4,0,2019-01-31,0,12,50k-100k,Q2,0.816,7.975359342915811,1.2026978463628657,1
"Morway, Tanya",10151,1,1,0,1,3,3,0,52599,0,15,Network Engineer,MA,2048,1979-04-04,F,Married,US Citizen,No,White,2015-02-16,,N/A-StillEmployed,Active,IT/IS,Peter Monroe,7,CareerBuilder,Fully Meets,3.81,3,6,2019-02-11,0,6,50k-100k,Q2,0.8136000000000001,4.870636550308008,0.5418966165227626,0
"Motlagh, Dawn",10254,0,2,0,1,5,3,0,63430,0,19,Production Technician I,MA,2453,1984-07-07,F,Divorced,US Citizen,No,White,2013-04-01,,N/A-StillEmployed,Active,Production,Elijiah Gray,16,LinkedIn,Fully Meets,4.4,4,0,2019-01-17,0,18,50k-100k,Q3,0.8190000000000001,6.74880219028063,1.057985804160494,0
"Moumanil, Maliki",10120,0,3,1,1,5,3,0,74417,0,20,Production Technician II,MA,1460,1974-12-01,M,Separated,US Citizen,No,Black or African American,2013-05-13,,N/A-StillEmployed,Active,Production,Michael Albert,22,LinkedIn,Fully Meets,4.29,5,0,2019-01-28,0,11,50k-100k,Q3,0.8299000000000001,6.633812457221081,1.2412443573736636,0
"Myers, Michael",10216,0,0,1,1,5,3,0,57575,0,19,Production Technician I,MA,1550,1980-04-18,M,Single,US Citizen,No,Asian,2013-07-08,,N/A-StillEmployed,Active,Production,Kissy Sullivan,20,LinkedIn,Fully Meets,4.1,4,0,2019-01-22,0,13,50k-100k,Q2,0.8135,6.480492813141684,0.9603268591288103,0
"Navathe, Kurt",10079,0,0,1,1,3,3,0,87921,0,22,Senior BI Developer,MA,2056,1970-04-25,M,Single,US Citizen,No,Asian,2017-02-10,,N/A-StillEmployed,Active,IT/IS,Brian Champaigne,13,Indeed,Fully Meets,5.0,3,6,2019-02-25,0,17,50k-100k,Q4,0.8575,2.8856947296372346,0.9057984452422633,0
"Ndzi, Colombui",10215,0,0,1,5,5,3,1,50470,1,19,Production Technician I,MA,2110,1989-05-02,M,Single,US Citizen,No,Black or African American,2011-09-26,2014-04-04,return to school,Voluntarily Terminated,Production,Webster Butler,39,Diversity Job Fair,Fully Meets,4.3,3,0,2013-03-02,0,19,50k-100k,Q3,0.6105,2.521560574948665,0.8418184382150422,0
"Ndzi, Horia",10185,1,1,1,5,5,3,0,46664,1,19,Production Technician I,MA,2421,1983-03-28,M,Married,US Citizen,No,White,2013-04-01,2016-05-25,more money,Voluntarily Terminated,Production,Amy Dunn,11,Employee Referral,Fully Meets,3.18,3,0,2016-03-06,0,10,0-50k,Q1,0.5658000000000001,3.1485284052019167,0.7783359540492715,0
"Newman, Richard",10063,1,1,1,3,5,3,0,48495,0,19,Production Technician I,MA,2136,1977-04-08,M,Married,US Citizen,No,White,2014-05-12,,N/A-StillEmployed,Active,Production,Ketsia Liebig,19,LinkedIn,Fully Meets,5.0,5,0,2019-02-18,0,11,0-50k,Q4,0.8725,5.637234770704997,0.8088762663213488,0
"Ngodup, Shari",10037,0,3,0,1,5,4,1,52984,0,19,Production Technician I,MA,1810,1967-06-03,F,Separated,US Citizen,No,Black or African American,2013-04-01,,N/A-StillEmployed,Active,Production,Brannon Miller,12,Diversity Job Fair,Exceeds,4.0,3,0,2019-02-13,0,12,50k-100k,Q2,0.91,6.74880219028063,0.8837509041090905,0
"Nguyen, Dheepa",10042,0,0,0,1,6,3,0,63695,0,3,Area Sales Manager,GA,30428,1989-03-31,F,Single,US Citizen,No,Two or more races,2013-07-08,,N/A-StillEmployed,Active,Sales,Lynn Daneault,21,Indeed,Fully Meets,5.0,5,0,2019-01-25,0,2,50k-100k,Q4,0.895,6.480492813141684,0.9222971284493102,0
"Nguyen, Lei-Ming",10206,0,0,0,1,5,3,0,62061,0,19,Production Technician I,MA,2132,1984-07-07,F,Single,US Citizen,No,White,2013-07-08,,N/A-StillEmployed,Active,Production,David Stanley,14,LinkedIn,Fully Meets,3.6,5,0,2019-01-02,0,4,50k-100k,Q1,0.8059999999999999,6.480492813141684,1.035151458174435,0
"Nowlan, Kristie",10104,0,0,0,1,5,3,0,66738,0,20,Production Technician II,MA,1040,1985-11-23,F,Single,US Citizen,No,White,2014-11-10,,N/A-StillEmployed,Active,Production,Elijiah Gray,16,Indeed,Fully Meets,4.53,5,0,2019-01-16,0,5,50k-100k,Q3,0.8593000000000001,5.138945927446954,1.1131618571348423,0
"O'hare, Lynn",10303,0,0,0,4,5,1,0,52674,1,19,Production Technician I,MA,2152,1980-09-30,F,Single,US Citizen,No,Two or more races,2014-03-31,2018-05-01,performance,Terminated for Cause,Production,Kissy Sullivan,20,LinkedIn,PIP,2.33,2,0,2018-03-09,6,3,50k-100k,Q1,0.32230000000000003,4.084873374401095,0.8785802340903336,0
"Oliver, Brooke",10078,1,1,0,5,5,3,0,71966,1,20,Production Technician II,MA,2492,1952-02-11,F,Married,US Citizen,No,Asian,2012-05-14,2013-08-19,unhappy,Voluntarily Terminated,Production,Webster Butler,39,LinkedIn,Fully Meets,5.0,3,0,2013-07-02,0,17,50k-100k,Q4,0.6575000000000001,1.264887063655031,1.2003627050640724,0
"Onque, Jasmine",10121,0,0,0,1,6,3,0,63051,0,3,Area Sales Manager,FL,33174,1990-05-11,F,Single,US Citizen,Yes,White,2013-09-30,,N/A-StillEmployed,Active,Sales,Lynn Daneault,21,Indeed,Fully Meets,4.28,3,0,2019-01-25,0,1,50k-100k,Q2,0.8543000000000002,6.250513347022587,0.9129720738811125,0
"Osturnka, Adeel",10021,1,1,1,1,5,4,0,47414,0,19,Production Technician I,MA,2478,1976-12-11,M,Married,US Citizen,No,White,2013-09-30,,N/A-StillEmployed,Active,Production,Kelley Spirea,18,LinkedIn,Exceeds,5.0,3,0,2019-02-07,0,13,0-50k,Q4,0.9674999999999999,6.250513347022587,0.7908456395785222,0
"Owad, Clinton",10281,0,0,1,1,5,2,0,53060,0,19,Production Technician I,MA,1760,1979-11-24,M,Single,US Citizen,No,Black or African American,2014-02-17,,N/A-StillEmployed,Active,Production,Michael Albert,22,LinkedIn,Needs Improvement,4.25,3,0,2019-02-04,4,6,50k-100k,Q2,0.7333333333333334,5.867214236824093,0.8850185522427212,0
"Ozark, Travis",10041,0,0,1,1,6,3,0,68829,0,3,Area Sales Manager,NC,27229,1982-05-19,M,Single,US Citizen,No,White,2015-01-05,,N/A-StillEmployed,Active,Sales,John Smith,17,Website,Fully Meets,5.0,5,0,2019-01-14,0,18,50k-100k,Q4,0.8550000000000001,4.985626283367557,0.9966369268237314,0
"Panjwani, Nina",10148,1,1,0,5,5,3,0,63515,1,19,Production Technician I,MA,2351,1979-05-01,F,Married,US Citizen,No,White,2011-02-07,2014-01-12,Another position,Voluntarily Terminated,Production,Elijiah Gray,16,Google Search,Fully Meets,3.89,4,0,2013-03-04,0,7,50k-100k,Q2,0.6159000000000001,2.9295003422313486,1.0594035685204757,0
"Patronick, Lucas",10005,0,0,1,5,4,4,1,108987,1,24,Software Engineer,MA,1844,1979-02-20,M,Single,US Citizen,No,Black or African American,2011-11-07,2015-09-07,Another position,Voluntarily Terminated,Software Engineering,Alex Sweetwater,10,Diversity Job Fair,Exceeds,5.0,5,3,2015-08-16,0,13,100k-150k,Q4,0.7675,3.8329911019849416,1.1473589412796061,0
"Pearson, Randall",10259,1,1,1,5,3,3,0,93093,1,9,Data Analyst,MA,2747,1984-09-05,M,Married,US Citizen,No,White,2014-12-01,2016-05-01,performance,Voluntarily Terminated,IT/IS,Simon Roup,4,Employee Referral,Fully Meets,4.7,4,5,2016-01-16,0,19,50k-100k,Q3,0.6345000000000001,1.4154688569472964,0.9590825247999684,0
"Smith, Martin",10286,0,0,1,5,5,2,0,53564,1,19,Production Technician I,MA,2458,1988-03-17,M,Single,US Citizen,No,Black or African American,2011-01-10,2017-12-28,career change,Voluntarily Terminated,Production,Webster Butler,39,Google Search,Needs Improvement,3.54,5,0,2017-04-06,4,15,50k-100k,Q1,0.46823333333333333,6.965092402464066,0.8934250609183777,0
"Pelletier, Ermine",10297,1,1,0,5,5,2,0,60270,1,20,Production Technician II,MA,2472,1989-07-18,F,Married,US Citizen,No,Asian,2011-07-05,2015-09-15,unhappy,Voluntarily Terminated,Production,Amy Dunn,11,CareerBuilder,Needs Improvement,2.4,5,0,2015-02-06,5,2,50k-100k,Q1,0.43066666666666664,4.1971252566735116,1.0052783291305845,0
"Perry, Shakira",10171,0,0,0,5,5,3,0,45998,1,19,Production Technician I,MA,2176,1986-07-20,F,Single,US Citizen,No,White,2011-05-16,2015-10-25,medical issues,Voluntarily Terminated,Production,Amy Dunn,11,LinkedIn,Fully Meets,3.45,4,0,2014-05-13,0,5,0-50k,Q1,0.5945000000000001,4.4435318275154,0.7672273532992968,0
"Peters, Lauren",10032,1,1,0,5,5,4,0,57954,1,20,Production Technician II,MA,1886,1986-08-17,F,Married,US Citizen,No,White,2011-05-16,2013-02-04,more money,Voluntarily Terminated,Production,Ketsia Liebig,19,Indeed,Exceeds,4.2,5,0,2013-01-10,0,12,50k-100k,Q2,0.722,1.7248459958932238,0.9666484202162583,0
"Peterson, Ebonee",10130,1,1,0,5,5,3,0,74669,1,18,Production Manager,MA,2030,1977-05-09,F,Married,US Citizen,No,White,2010-10-25,2016-05-18,Another position,Voluntarily Terminated,Production,Janet King,2,Indeed,Fully Meets,4.16,5,0,2015-03-05,0,6,50k-100k,Q2,0.6346,5.563312799452429,1.2454476117114917,0
"Petingill, Shana",10217,1,1,0,1,5,3,0,74226,0,20,Production Technician II,MA,2050,1979-03-10,F,Married,Eligible NonCitizen,No,Asian,2012-04-02,,N/A-StillEmployed,Active,Production,Brannon Miller,12,LinkedIn,Fully Meets,4.3,3,0,2019-01-14,0,14,50k-100k,Q3,0.823,7.745379876796714,1.238058557458881,1
"Petrowsky, Thelma",10016,1,1,0,1,3,4,0,93554,0,9,Data Analyst,MA,1886,1984-09-16,F,Married,US Citizen,No,Black or African American,2014-11-10,,N/A-StillEmployed,Active,IT/IS,Simon Roup,4,Employee Referral,Exceeds,4.6,5,7,2019-01-04,0,16,50k-100k,Q3,0.9359999999999999,5.138945927446954,0.9638319371503361,0
"Pham, Hong",10050,1,1,1,5,5,3,0,64724,1,19,Production Technician I,MA,2451,1988-03-06,M,Married,US Citizen,No,Asian,2011-07-05,2012-11-30,more money,Voluntarily Terminated,Production,Brannon Miller,12,Google Search,Fully Meets,5.0,3,0,2012-02-20,0,13,50k-100k,Q4,0.6675000000000001,1.4072553045859,1.0795691815936277,0
"Pitt, Brad",10164,0,0,1,1,5,3,0,47001,0,19,Production Technician I,MA,2451,1981-11-23,M,Single,US Citizen,No,White,2007-11-05,,N/A-StillEmployed,Active,Production,David Stanley,14,Google Search,Fully Meets,3.66,3,0,2019-02-25,0,15,0-50k,Q1,0.7821,12.153319644079398,0.7839569727470814,0
"Potts, Xana",10124,1,1,0,1,6,3,0,61844,0,3,Area Sales Manager,KY,40220,1988-08-29,F,Married,US Citizen,No,Black or African American,2012-01-09,,N/A-StillEmployed,Active,Sales,Lynn Daneault,21,Website,Fully Meets,4.2,5,0,2019-02-01,0,9,50k-100k,Q2,0.8295,7.975359342915811,0.8954948365149406,0
"Power, Morissa",10187,0,2,0,5,5,3,0,46799,1,19,Production Technician I,MA,1742,1984-10-15,F,Divorced,Eligible NonCitizen,No,Asian,2011-05-16,2018-06-04,Another position,Voluntarily Terminated,Production,Kissy Sullivan,20,Google Search,Fully Meets,3.17,4,0,2018-04-02,0,14,0-50k,Q1,0.5552000000000001,7.052703627652293,0.7805876974445366,0
"Punjabhi, Louis",10225,0,0,1,1,5,3,0,59472,0,19,Production Technician I,MA,2109,1961-06-19,M,Single,US Citizen,No,White,2014-01-06,,N/A-StillEmployed,Active,Production,Kelley Spirea,18,Employee Referral,Fully Meets,4.8,3,0,2019-01-07,0,14,50k-100k,Q4,0.853,5.982203969883641,0.9919680237274617,0
"Purinton, Janine",10262,0,2,0,5,5,3,0,46430,1,19,Production Technician I,MA,2474,1970-09-22,F,Divorced,US Citizen,No,White,2012-09-24,2013-06-18,unhappy,Voluntarily Terminated,Production,Kissy Sullivan,20,Indeed,Fully Meets,4.5,5,0,2013-04-02,0,16,0-50k,Q3,0.6300000000000001,0.731006160164271,0.7744329321641452,0
"Quinn, Sean",10131,1,1,1,5,1,3,1,83363,1,23,Software Engineer,MA,2045,1984-11-06,M,Married,Eligible NonCitizen,No,Black or African American,2011-02-21,2015-08-15,career change,Voluntarily Terminated,Software Engineering,Janet King,2,Diversity Job Fair,Fully Meets,4.15,4,0,2014-04-19,0,4,50k-100k,Q2,0.639,4.479123887748118,0.8776026812545699,0
"Rachael, Maggie",10239,1,1,0,1,3,3,0,95920,0,4,BI Developer,MA,2110,1980-05-12,F,Married,US Citizen,No,Black or African American,2016-10-02,,N/A-StillEmployed,Active,IT/IS,Brian Champaigne,13,Indeed,Fully Meets,4.4,4,6,2019-02-06,0,10,50k-100k,Q3,0.839,3.24435318275154,0.9882074460895337,0
"Rarrick, Quinn",10152,0,2,1,5,5,3,0,61729,1,19,Production Technician I,MA,2478,1984-12-31,M,Divorced,US Citizen,No,White,2011-09-26,2018-04-07,more money,Voluntarily Terminated,Production,Michael Albert,22,Indeed,Fully Meets,3.8,5,0,2018-02-04,0,19,50k-100k,Q2,0.5805,6.529774127310062,1.0296138373801533,0
"Ren, Kylo",10140,1,1,1,1,6,3,0,61809,0,3,Area Sales Manager,ID,83706,1954-10-12,M,Married,US Citizen,No,White,2014-05-12,,N/A-StillEmployed,Active,Sales,John Smith,17,CareerBuilder,Fully Meets,3.98,3,0,2019-01-28,0,4,50k-100k,Q2,0.8288000000000001,5.637234770704997,0.8949880400710168,0
"Rhoads, Thomas",10058,0,2,1,5,5,3,0,45115,1,19,Production Technician I,MA,2176,1982-07-22,M,Divorced,US Citizen,Yes,White,2011-05-16,2016-01-15,retiring,Voluntarily Terminated,Production,Elijiah Gray,16,LinkedIn,Fully Meets,5.0,4,0,2015-03-30,0,11,0-50k,Q4,0.6725000000000001,4.6680355920602326,0.7524992835361924,0
"Rivera, Haley",10011,1,1,0,1,5,4,0,46738,0,19,Production Technician I,MA,2171,1973-01-12,F,Married,US Citizen,No,Asian,2011-11-28,,N/A-StillEmployed,Active,Production,Webster Butler,,Google Search,Exceeds,4.36,5,0,2019-02-11,0,16,0-50k,Q3,0.9216,8.09034907597536,0.7795702430214909,0
"Roberson, May",10230,0,2,0,5,5,3,0,64971,1,20,Production Technician II,MA,1902,1981-09-05,F,Divorced,Eligible NonCitizen,No,Black or African American,2011-09-26,2011-10-22,return to school,Voluntarily Terminated,Production,David Stanley,14,Google Search,Fully Meets,4.5,4,0,2011-10-22,0,10,50k-100k,Q3,0.645,0.07118412046543464,1.0836890380279276,0
"Robertson, Peter",10224,1,1,1,5,5,3,0,55578,1,20,Production Technician II,MA,2138,1972-07-03,M,Married,US Citizen,No,White,2011-07-05,2012-02-08,Another position,Voluntarily Terminated,Production,Kissy Sullivan,20,Indeed,Fully Meets,4.2,5,0,2012-01-06,0,13,50k-100k,Q2,0.6195,0.5968514715947981,0.9270177364595922,0
"Robinson, Alain",10047,1,1,1,5,5,3,0,50428,1,19,Production Technician I,MA,1420,1974-01-07,M,Married,US Citizen,No,Black or African American,2011-01-10,2016-01-26,attendance,Voluntarily Terminated,Production,Amy Dunn,11,Indeed,Fully Meets,5.0,3,0,2015-01-10,0,11,50k-100k,Q4,0.6725000000000001,5.04312114989733,0.8411178958254042,0
"Robinson, Cherly",10285,1,1,0,4,5,2,0,61422,1,19,Production Technician I,MA,1460,1985-01-07,F,Married,US Citizen,No,White,2011-01-10,2016-05-17,attendance,Terminated for Cause,Production,Ketsia Liebig,19,Indeed,Needs Improvement,3.6,3,0,2016-04-05,4,16,50k-100k,Q1,0.4693333333333334,5.349760438056126,1.0244932061035135,0
"Robinson, Elias",10020,0,4,1,1,5,4,0,63353,0,19,Production Technician I,MA,1730,1985-01-28,M,Widowed,US Citizen,No,White,2013-07-08,,N/A-StillEmployed,Active,Production,Brannon Miller,12,Employee Referral,Exceeds,3.6,5,0,2019-02-11,0,4,50k-100k,Q1,0.906,6.480492813141684,1.0567014764461575,0
"Roby, Lori",10162,1,1,0,1,3,3,0,89883,0,9,Data Analyst,MA,1886,1981-10-11,F,Married,US Citizen,No,White,2015-02-16,,N/A-StillEmployed,Active,IT/IS,Simon Roup,4,Employee Referral,Fully Meets,3.69,5,6,2019-02-14,0,15,50k-100k,Q1,0.7839,4.870636550308008,0.926011779366822,0
"Roehrich, Bianca",10149,0,0,0,5,3,3,0,120000,1,29,Principal Data Architect,MA,2703,1973-05-27,F,Single,US Citizen,Yes,White,2015-01-05,2018-11-10,Another position,Voluntarily Terminated,IT/IS,Simon Roup,4,LinkedIn,Fully Meets,3.88,3,7,2018-02-13,0,12,100k-150k,Q2,0.6028,3.8466803559206024,1.2362895489026695,0
"Roper, Katie",10086,0,0,0,1,3,3,0,150290,0,7,Data Architect,MA,2056,1972-11-21,F,Single,US Citizen,No,Black or African American,2017-01-07,,N/A-StillEmployed,Active,IT/IS,Brian Champaigne,13,Indeed,Fully Meets,4.94,3,5,2019-02-06,0,17,150k-200k,Q4,0.8539,2.9787816563997263,1.5483496358715183,0
"Rose, Ashley",10054,0,3,0,1,5,3,0,60627,0,19,Production Technician I,MA,1886,1974-12-05,F,Separated,US Citizen,No,White,2014-01-06,,N/A-StillEmployed,Active,Production,David Stanley,14,Website,Fully Meets,5.0,4,0,2019-01-31,0,8,50k-100k,Q4,0.8800000000000001,5.982203969883641,1.0112329394425077,0
"Rossetti, Bruno",10065,0,0,1,5,5,3,0,53180,1,19,Production Technician I,MA,2155,1987-03-18,M,Single,US Citizen,No,White,2011-04-04,2018-08-13,Another position,Voluntarily Terminated,Production,Kissy Sullivan,20,Google Search,Fully Meets,5.0,5,0,2018-07-02,0,4,50k-100k,Q4,0.6900000000000001,7.359342915811088,0.8870201019274013,0
"Roup,Simon",10198,0,0,1,1,3,3,0,140920,0,13,IT Manager - DB,MA,2481,1973-04-05,M,Single,US Citizen,No,White,2013-01-20,,N/A-StillEmployed,Active,IT/IS,Jennifer Zamora,5,Indeed,Fully Meets,3.6,5,7,2019-02-18,0,13,100k-150k,Q1,0.7835,6.9431895961670085,1.4518160269280347,1
"Ruiz, Ricardo",10222,0,2,1,5,3,3,1,148999,1,13,IT Manager - DB,MA,1915,1964-01-04,M,Divorced,US Citizen,No,Black or African American,2012-01-09,2015-11-04,hours,Voluntarily Terminated,IT/IS,Jennifer Zamora,5,Diversity Job Fair,Fully Meets,4.3,4,6,2015-01-04,0,8,100k-150k,Q3,0.6380000000000001,3.8193018480492813,1.535049220807907,0
"Saada, Adell",10126,1,1,0,1,4,3,0,86214,0,24,Software Engineer,MA,2132,1986-07-24,F,Married,US Citizen,No,White,2012-11-05,,N/A-StillEmployed,Active,Software Engineering,Alex Sweetwater,10,Indeed,Fully Meets,4.2,3,6,2019-02-13,0,2,50k-100k,Q2,0.847,7.151266255989048,0.9076165392522041,0
"Saar-Beckles, Melinda",10295,0,0,0,2,5,2,1,47750,0,19,Production Technician I,MA,1801,1968-06-06,F,Single,US Citizen,No,Black or African American,2016-07-04,,N/A-StillEmployed,Active,Production,Kelley Spirea,18,Diversity Job Fair,Needs Improvement,2.6,4,0,2019-02-18,5,4,0-50k,Q1,0.6376666666666667,3.490759753593429,0.7964499786956264,0
"Sadki, Nore",10260,0,0,1,5,5,3,0,46428,1,19,Production Technician I,MA,2148,1974-12-21,M,Single,US Citizen,No,White,2009-01-05,2018-07-30,relocation out of area,Voluntarily Terminated,Production,Michael Albert,22,Google Search,Fully Meets,4.6,5,0,2018-02-05,0,7,0-50k,Q3,0.6585000000000001,9.56331279945243,0.7743995730027339,0
"Sahoo, Adil",10233,1,1,1,1,5,3,0,57975,0,20,Production Technician II,MA,2062,1986-04-26,M,Married,US Citizen,No,White,2010-08-30,,N/A-StillEmployed,Active,Production,Kelley Spirea,18,CareerBuilder,Fully Meets,4.1,3,0,2019-01-10,0,13,50k-100k,Q2,0.8135,9.336071184120465,0.9669986914110773,0
"Salter, Jason",10229,0,2,1,5,3,3,0,88527,1,9,Data Analyst,MA,2452,1987-12-17,M,Divorced,US Citizen,No,Black or African American,2015-01-05,2015-10-31,hours,Voluntarily Terminated,IT/IS,Simon Roup,4,LinkedIn,Fully Meets,4.2,3,5,2015-04-20,0,2,50k-100k,Q2,0.647,0.8186173853524983,0.9120417074642218,0
"Sander, Kamrin",10169,1,1,0,1,5,3,0,56147,0,19,Production Technician I,MA,2154,1988-07-10,F,Married,US Citizen,No,Black or African American,2014-09-29,,N/A-StillEmployed,Active,Production,Elijiah Gray,16,LinkedIn,Fully Meets,3.51,3,0,2019-02-18,0,2,50k-100k,Q1,0.8056000000000001,5.253935660506502,0.936508417881117,0
"Sewkumar, Nori",10071,0,0,0,3,5,3,0,50923,0,19,Production Technician I,MA,2191,1975-03-10,F,Single,US Citizen,No,Asian,2013-09-30,,N/A-StillEmployed,Active,Production,Webster Butler,,Google Search,Fully Meets,5.0,5,0,2019-02-06,0,14,50k-100k,Q4,0.865,6.250513347022587,0.8493742882747096,0
"Shepard, Anita",10179,1,1,0,1,3,3,0,50750,0,15,Network Engineer,MA,1773,1981-04-14,F,Married,US Citizen,No,White,2014-09-30,,N/A-StillEmployed,Active,IT/IS,Peter Monroe,7,LinkedIn,Fully Meets,3.31,3,6,2019-01-07,0,7,50k-100k,Q1,0.7811000000000001,5.25119780971937,0.5228474550567539,0
"Shields, Seffi",10091,1,1,0,1,5,3,0,52087,0,19,Production Technician I,MA,2149,1985-08-24,F,Married,US Citizen,No,White,2013-08-19,,N/A-StillEmployed,Active,Production,Amy Dunn,11,LinkedIn,Fully Meets,4.81,4,0,2019-02-15,0,15,50k-100k,Q4,0.8511,6.365503080082136,0.8687893202161067,0
"Simard, Kramer",10178,1,1,1,1,3,3,0,87826,0,9,Data Analyst,MA,2110,1970-02-08,M,Married,US Citizen,Yes,White,2015-01-05,,N/A-StillEmployed,Active,IT/IS,Simon Roup,4,Employee Referral,Fully Meets,3.32,3,7,2019-01-14,0,16,50k-100k,Q1,0.7592000000000001,4.985626283367557,0.9048197160160487,0
"Singh, Nan",10039,0,0,0,1,1,3,0,51920,0,2,Administrative Assistant,MA,2330,1988-05-19,F,Single,US Citizen,No,White,2015-05-01,,N/A-StillEmployed,Active,Admin Offices,Brandon R. LeBlanc,1,Website,Fully Meets,5.0,3,5,2019-01-15,0,2,50k-100k,Q4,0.895,4.6680355920602326,0.7232014758708427,0
"Sloan, Constance",10095,0,0,0,5,5,3,0,63878,1,20,Production Technician II,MA,1851,1987-11-25,F,Single,US Citizen,No,White,2009-10-26,2015-04-08,maternity leave - did not return,Voluntarily Terminated,Production,Michael Albert,22,CareerBuilder,Fully Meets,4.68,4,0,2015-04-02,0,20,50k-100k,Q3,0.6308,5.448323066392882,1.065458256316633,0
"Smith, Joe",10027,0,0,1,1,5,4,0,60656,0,20,Production Technician II,MA,2045,1963-10-30,M,Single,US Citizen,No,White,2014-09-29,,N/A-StillEmployed,Active,Production,Elijiah Gray,16,Indeed,Exceeds,4.3,3,0,2019-01-28,0,4,50k-100k,Q3,0.9480000000000001,5.253935660506502,1.0117166472829722,0
"Smith, John",10291,0,2,1,1,6,2,1,72992,0,21,Sales Manager,MA,1886,1984-08-16,M,Divorced,US Citizen,No,Black or African American,2014-05-18,,N/A-StillEmployed,Active,Sales,Debra Houlihan,15,Diversity Job Fair,Needs Improvement,2.4,4,0,2019-01-16,2,16,50k-100k,Q1,0.6006666666666667,5.620807665982204,1.056916743853867,0
"Smith, Leigh Ann",10153,1,1,0,5,1,3,1,55000,1,2,Administrative Assistant,MA,1844,1987-06-14,F,Married,US Citizen,No,Black or African American,2011-09-26,2013-09-25,career change,Voluntarily Terminated,Admin Offices,Brandon R. LeBlanc,1,Diversity Job Fair,Fully Meets,3.8,4,4,2013-08-15,0,17,50k-100k,Q2,0.5855,1.998631074606434,0.7661032583377572,0
"Smith, Sade",10157,0,0,0,1,5,3,0,58939,0,19,Production Technician I,MA,2130,1965-02-02,F,Single,US Citizen,No,White,2013-11-11,,N/A-StillEmployed,Active,Production,Ketsia Liebig,19,Employee Referral,Fully Meets,3.73,3,0,2019-01-24,0,16,50k-100k,Q2,0.7838,6.135523613963039,0.9830778072113409,0
"Soto, Julia",10119,1,1,0,1,3,3,0,66593,0,14,IT Support,MA,2360,1973-03-12,F,Married,US Citizen,No,Black or African American,2011-06-10,,N/A-StillEmployed,Active,IT/IS,Eric Dougall,6,LinkedIn,Fully Meets,4.3,3,5,2019-02-08,0,19,50k-100k,Q3,0.8105,8.558521560574949,0.6860685827506289,0
"Soze, Keyser",10180,1,1,1,2,3,3,0,87565,0,28,Sr. Network Engineer,MA,1545,1983-02-09,M,Married,US Citizen,No,Asian,2016-06-30,,N/A-StillEmployed,Active,IT/IS,Peter Monroe,7,LinkedIn,Fully Meets,3.27,4,5,2019-01-14,0,13,50k-100k,Q1,0.7637000000000002,3.5017111567419574,0.9021307862471853,0
"Sparks, Taylor",10302,1,1,0,1,5,1,0,64021,0,19,Production Technician I,MA,2093,1968-07-20,F,Married,US Citizen,No,White,2012-02-20,,N/A-StillEmployed,Active,Production,Brannon Miller,12,Indeed,PIP,2.4,2,1,2019-02-25,6,20,50k-100k,Q1,0.484,7.860369609856263,1.0678434363575435,1
"Spirea, Kelley",10090,1,1,0,1,5,3,0,65714,0,18,Production Manager,MA,2451,1975-09-30,F,Married,US Citizen,No,White,2012-10-02,,N/A-StillEmployed,Active,Production,Janet King,2,LinkedIn,Fully Meets,4.83,5,0,2019-02-14,0,15,50k-100k,Q4,0.8523000000000001,7.24435318275154,1.0960819664922388,1
"Squatrito, Kristen",10030,0,2,0,5,5,4,0,62425,1,19,Production Technician I,MA,2359,1973-03-26,F,Divorced,US Citizen,No,White,2013-05-13,2015-06-29,unhappy,Voluntarily Terminated,Production,David Stanley,14,LinkedIn,Exceeds,4.1,4,0,2015-03-02,0,16,50k-100k,Q2,0.706,2.127310061601643,1.041222825551298,0
"Stanford,Barbara M",10278,0,2,0,1,5,3,0,47961,0,19,Production Technician I,MA,2050,1982-08-25,F,Divorced,US Citizen,No,Two or more races,2011-01-10,,N/A-StillEmployed,Active,Production,Kissy Sullivan,20,Google Search,Fully Meets,4.1,4,0,2019-02-07,0,9,0-50k,Q2,0.8235,8.971937029431896,0.7999693702245223,0
"Stansfield, Norman",10307,1,1,1,1,6,1,0,58273,0,3,Area Sales Manager,NV,89139,1974-05-09,M,Married,US Citizen,No,White,2014-05-12,,N/A-StillEmployed,Active,Sales,Lynn Daneault,21,Website,PIP,1.81,2,0,2019-01-17,3,5,50k-100k,Q1,0.49110000000000004,5.637234770704997,0.8437871193363161,0
"Steans, Tyrone",10147,0,0,1,1,1,3,0,63003,0,1,Accountant I,MA,2703,1986-09-01,M,Single,US Citizen,No,White,2014-09-29,,N/A-StillEmployed,Active,Admin Offices,Brandon R. LeBlanc,1,Indeed,Fully Meets,3.9,5,5,2019-01-18,0,9,50k-100k,Q2,0.8115,5.253935660506502,0.8775782470009765,0
"Stoica, Rick",10266,1,1,1,1,5,3,0,61355,0,19,Production Technician I,MA,2301,1985-03-14,M,Married,US Citizen,No,Asian,2014-02-17,,N/A-StillEmployed,Active,Production,Kelley Spirea,18,LinkedIn,Fully Meets,4.7,3,0,2019-01-11,0,4,50k-100k,Q3,0.872,5.867214236824093,1.0233756741962337,0
"Strong, Caitrin",10241,1,1,0,1,6,3,0,60120,0,3,Area Sales Manager,MT,59102,1989-05-12,F,Married,US Citizen,No,Black or African American,2010-09-27,,N/A-StillEmployed,Active,Sales,John Smith,17,Indeed,Fully Meets,4.1,4,0,2019-01-31,0,18,50k-100k,Q2,0.801,9.259411362080767,0.8705314916770944,0
"Sullivan, Kissy",10158,1,1,0,1,5,3,0,63682,0,18,Production Manager,MA,1776,1978-03-28,F,Married,US Citizen,No,Black or African American,2009-01-08,,N/A-StillEmployed,Active,Production,Janet King,2,Indeed,Fully Meets,3.73,4,0,2019-01-24,0,12,50k-100k,Q2,0.7938,10.976043805612594,1.0621890584983222,0
"Sullivan, Timothy",10117,1,1,1,1,5,3,0,63025,0,19,Production Technician I,MA,2747,1982-10-07,M,Married,US Citizen,Yes,White,2015-01-05,,N/A-StillEmployed,Active,Production,Michael Albert,22,Google Search,Fully Meets,4.36,5,0,2019-01-24,0,10,50k-100k,Q3,0.8366,4.985626283367557,1.0512305739746985,0
"Sutwell, Barbara",10209,0,0,0,1,5,3,0,59238,0,19,Production Technician I,MA,2718,1968-08-15,F,Single,Eligible NonCitizen,No,Asian,2012-05-14,,N/A-StillEmployed,Active,Production,Elijiah Gray,16,Indeed,Fully Meets,3.4,5,0,2019-01-31,0,13,50k-100k,Q1,0.7715,7.630390143737166,0.9880650018423355,0
"Szabo, Andrew",10024,0,0,1,1,4,4,0,92989,0,24,Software Engineer,MA,2140,1983-05-06,M,Single,US Citizen,No,White,2014-07-07,,N/A-StillEmployed,Active,Software Engineering,Alex Sweetwater,10,LinkedIn,Exceeds,4.5,5,5,2019-02-18,0,1,50k-100k,Q3,0.9675000000000001,5.4839151266255985,0.9789402459985989,0
"Tannen, Biff",10173,1,1,1,1,3,3,0,90100,0,4,BI Developer,MA,2134,1987-10-24,M,Married,US Citizen,No,White,2017-04-20,,N/A-StillEmployed,Active,IT/IS,Brian Champaigne,13,Indeed,Fully Meets,3.4,3,6,2019-01-02,0,14,50k-100k,Q1,0.7689999999999999,2.6967830253251197,0.9282474029677543,0
"Tavares, Desiree",10221,1,1,0,5,5,3,1,60754,1,19,Production Technician I,MA,1801,1975-04-03,F,Married,Non-Citizen,No,Black or African American,2009-04-27,2013-04-01,Another position,Voluntarily Terminated,Production,Webster Butler,39,Diversity Job Fair,Fully Meets,4.5,5,0,2012-02-15,0,11,50k-100k,Q3,0.6425000000000001,3.9288158795345653,1.0133512461921275,0
"Tejeda, Lenora",10146,1,1,0,5,5,3,0,72202,1,20,Production Technician II,MA,2129,1953-05-24,F,Married,US Citizen,No,White,2011-05-16,2017-07-08,Another position,Voluntarily Terminated,Production,Elijiah Gray,16,Google Search,Fully Meets,3.93,3,0,2017-04-18,0,3,50k-100k,Q2,0.6283000000000001,6.146475017111568,1.2042990861106098,0
"Terry, Sharlene",10161,0,0,0,1,6,3,0,58370,0,3,Area Sales Manager,OR,97756,1965-05-07,F,Single,US Citizen,No,Black or African American,2014-09-29,,N/A-StillEmployed,Active,Sales,Lynn Daneault,21,Indeed,Fully Meets,3.69,3,0,2019-01-28,0,18,50k-100k,Q1,0.7764000000000001,5.253935660506502,0.8451916694809049,0
"Theamstern, Sophia",10141,0,0,0,5,5,3,0,48413,1,19,Production Technician I,MA,2066,1965-05-09,F,Single,US Citizen,No,White,2011-07-05,2016-09-05,return to school,Voluntarily Terminated,Production,Amy Dunn,11,Indeed,Fully Meets,3.98,4,0,2016-03-02,0,1,0-50k,Q2,0.6363000000000001,5.171800136892539,0.807508540703484,0
"Thibaud, Kenneth",10268,0,4,1,5,5,3,0,67176,1,20,Production Technician II,MA,2472,1975-09-16,M,Widowed,US Citizen,No,White,2007-06-25,2010-08-30,military,Voluntarily Terminated,Production,Webster Butler,39,Other,Fully Meets,4.1,4,0,2010-07-14,0,15,50k-100k,Q2,0.6085,3.1813826146475015,1.1204675134839246,0
"Tippett, Jeanette",10123,0,2,0,1,5,3,0,56339,0,19,Production Technician I,MA,2093,1967-06-05,F,Divorced,US Citizen,No,Black or African American,2013-02-18,,N/A-StillEmployed,Active,Production,Brannon Miller,12,Indeed,Fully Meets,4.21,5,0,2019-01-14,0,4,50k-100k,Q2,0.8425999999999999,6.863791923340178,0.9397108973766052,0
"Torrence, Jack",10013,0,3,1,1,6,4,0,64397,0,3,Area Sales Manager,ND,58782,1968-01-15,M,Separated,US Citizen,No,White,2006-01-09,,N/A-StillEmployed,Active,Sales,Lynn Daneault,21,Indeed,Exceeds,4.1,3,0,2019-01-04,0,6,50k-100k,Q2,0.931,13.973990417522245,0.9324620171245817,0
"Trang, Mei",10287,0,0,0,1,5,2,0,63025,0,19,Production Technician I,MA,2021,1983-05-16,F,Single,US Citizen,No,White,2014-02-17,,N/A-StillEmployed,Active,Production,David Stanley,14,LinkedIn,Needs Improvement,2.44,5,0,2019-02-11,4,18,50k-100k,Q1,0.5947333333333333,5.867214236824093,1.0512305739746985,0
"Tredinnick, Neville",10044,1,1,1,5,3,3,0,75281,1,15,Network Engineer,MA,1420,1988-05-05,M,Married,US Citizen,No,White,2015-01-05,2016-02-12,medical issues,Voluntarily Terminated,IT/IS,Peter Monroe,7,CareerBuilder,Fully Meets,5.0,3,5,2015-04-15,0,11,50k-100k,Q4,0.6725000000000001,1.103353867214237,0.7755759460911821,0
"True, Edward",10102,0,0,1,5,4,3,1,100416,1,24,Software Engineer,MA,2451,1983-06-14,M,Single,Non-Citizen,No,Black or African American,2013-02-18,2018-04-15,medical issues,Voluntarily Terminated,Software Engineering,Alex Sweetwater,10,Diversity Job Fair,Fully Meets,4.6,3,4,2017-02-12,0,9,100k-150k,Q3,0.6535000000000001,5.152635181382615,1.0571278725676725,0
"Trzeciak, Cybil",10270,0,0,0,5,5,3,0,74813,1,20,Production Technician II,MA,1778,1985-03-15,F,Single,US Citizen,No,White,2011-01-10,2014-07-02,unhappy,Voluntarily Terminated,Production,Amy Dunn,11,LinkedIn,Fully Meets,4.4,3,0,2014-01-05,0,5,50k-100k,Q3,0.6515000000000001,3.4743326488706368,1.2478494713331079,0
"Turpin, Jumil",10045,1,1,1,1,3,3,0,76029,0,15,Network Engineer,MA,2343,1969-03-31,M,Married,Eligible NonCitizen,No,White,2015-03-30,,N/A-StillEmployed,Active,IT/IS,Peter Monroe,7,Employee Referral,Fully Meets,5.0,4,7,2019-01-14,0,8,50k-100k,Q4,0.8800000000000001,4.75564681724846,0.7832821509460087,0
"Valentin,Jackie",10205,1,1,0,1,6,3,0,57859,0,3,Area Sales Manager,AZ,85006,1991-05-23,F,Married,US Citizen,No,Two or more races,2011-07-05,,N/A-StillEmployed,Active,Sales,John Smith,17,Indeed,Fully Meets,2.81,3,0,2019-01-17,0,16,50k-100k,Q1,0.7286000000000001,8.490075290896646,0.8377924413996175,0
"Veera, Abdellah",10014,0,2,1,5,5,4,0,58523,1,19,Production Technician I,MA,2171,1987-01-31,M,Divorced,US Citizen,No,White,2012-08-13,2016-02-05,maternity leave - did not return,Voluntarily Terminated,Production,Kissy Sullivan,20,LinkedIn,Exceeds,4.5,5,0,2016-02-01,0,15,50k-100k,Q3,0.7325,3.479808350444901,0.9761391016377832,0
"Vega, Vincent",10144,0,2,1,1,5,3,0,88976,0,17,Production Manager,MA,2169,1968-10-10,M,Divorced,US Citizen,No,White,2011-08-01,,N/A-StillEmployed,Active,Production,Janet King,2,Employee Referral,Fully Meets,3.93,3,0,2019-02-27,0,19,50k-100k,Q2,0.7883,8.41615331964408,1.4840823728674777,1
"Villanueva, Noah",10253,0,0,1,1,6,3,0,55875,0,3,Area Sales Manager,ME,4063,1989-07-11,M,Single,US Citizen,No,Asian,2012-03-05,,N/A-StillEmployed,Active,Sales,John Smith,17,Website,Fully Meets,4.5,4,0,2019-01-18,0,11,50k-100k,Q3,0.8425,7.822039698836414,0.8090643229783375,0
"Voldemort, Lord",10118,1,1,1,4,3,3,0,113999,1,8,Database Administrator,MA,1960,1986-08-07,M,Married,US Citizen,No,Black or African American,2015-02-16,2017-02-22,"no-call, no-show",Terminated for Cause,IT/IS,Simon Roup,4,Employee Referral,Fully Meets,4.33,3,7,2017-02-15,0,9,100k-150k,Q3,0.6373000000000001,2.0177960301163584,1.1744647690446284,0
"Volk, Colleen",10022,1,1,0,4,5,4,0,49773,1,19,Production Technician I,MA,2747,1986-06-03,F,Married,US Citizen,No,White,2011-09-26,2016-02-08,gross misconduct,Terminated for Cause,Production,Kelley Spirea,18,Google Search,Exceeds,4.3,5,0,2015-02-01,0,18,0-50k,Q3,0.7130000000000001,4.369609856262834,0.830192770463192,0
"Von Massenbach, Anna",10183,0,0,0,2,5,3,0,62068,0,19,Production Technician I,MA,2124,1985-04-06,F,Single,US Citizen,No,White,2015-07-05,,N/A-StillEmployed,Active,Production,Michael Albert,22,LinkedIn,Fully Meets,3.21,3,0,2019-01-29,0,7,50k-100k,Q1,0.7751000000000001,4.490075290896646,1.0352682152393746,0
"Walker, Roger",10190,0,0,1,1,5,3,0,66541,0,20,Production Technician II,MA,2459,1976-02-10,M,Single,US Citizen,No,Black or African American,2014-08-18,,N/A-StillEmployed,Active,Production,Ketsia Liebig,19,Employee Referral,Fully Meets,3.11,5,0,2019-02-12,0,4,50k-100k,Q1,0.7766000000000001,5.368925393566051,1.1098759797358257,0
"Wallace, Courtney E",10274,1,1,0,5,5,3,1,80512,1,18,Production Manager,MA,2478,1955-11-14,F,Married,US Citizen,No,Black or African American,2011-09-26,2012-01-02,Another position,Voluntarily Terminated,Production,Janet King,2,Diversity Job Fair,Fully Meets,4.5,3,0,2012-01-02,0,5,50k-100k,Q3,0.6575000000000001,0.2683093771389459,1.3429064017747074,0
"Wallace, Theresa",10293,0,0,0,5,5,2,0,50274,1,19,Production Technician I,MA,1887,1980-08-02,F,Single,US Citizen,No,White,2012-08-13,2015-09-01,career change,Voluntarily Terminated,Production,Elijiah Gray,16,CareerBuilder,Needs Improvement,2.5,3,0,2014-09-05,6,13,50k-100k,Q1,0.4075,3.049965776865161,0.8385492403967314,0
"Wang, Charlie",10172,0,0,1,1,3,3,0,84903,0,22,Senior BI Developer,MA,1887,1981-07-08,M,Single,US Citizen,No,Asian,2017-02-15,,N/A-StillEmployed,Active,IT/IS,Brian Champaigne,13,Indeed,Fully Meets,3.42,4,7,2019-01-04,0,17,50k-100k,Q1,0.7627,2.8720054757015743,0.8747057630873611,0
"Warfield, Sarah",10127,0,4,0,1,3,3,0,107226,0,28,Sr. Network Engineer,MA,2453,1978-05-02,F,Widowed,US Citizen,No,Asian,2015-03-30,,N/A-StillEmployed,Active,IT/IS,Peter Monroe,7,Employee Referral,Fully Meets,4.2,4,8,2019-02-05,0,7,100k-150k,Q2,0.8345,4.75564681724846,1.1046865264219803,0
"Whittier, Scott",10072,0,0,1,5,5,3,0,58371,1,19,Production Technician I,MA,2030,1987-05-24,M,Single,US Citizen,Yes,White,2011-01-10,2014-05-15,hours,Voluntarily Terminated,Production,Webster Butler,39,LinkedIn,Fully Meets,5.0,5,0,2014-05-15,0,11,50k-100k,Q4,0.6725000000000001,3.3429158110882957,0.9736038053705217,0
"Wilber, Barry",10048,1,1,1,5,5,3,0,55140,1,19,Production Technician I,MA,2324,1965-09-09,M,Married,Eligible NonCitizen,No,White,2011-05-16,2015-09-07,unhappy,Voluntarily Terminated,Production,Amy Dunn,11,Website,Fully Meets,5.0,3,0,2015-02-15,0,7,50k-100k,Q4,0.6825000000000001,4.312114989733059,0.9197120801105098,0
"Wilkes, Annie",10204,0,2,0,5,5,3,0,58062,1,19,Production Technician I,MA,1876,1983-07-30,F,Divorced,US Citizen,No,White,2011-01-10,2012-05-14,Another position,Voluntarily Terminated,Production,Ketsia Liebig,19,Google Search,Fully Meets,3.6,5,0,2011-02-06,0,9,50k-100k,Q1,0.5935,1.3415468856947297,0.9684498149324704,0
"Williams, Jacquelyn",10264,0,0,0,5,5,3,1,59728,1,19,Production Technician I,MA,2109,1969-10-02,F,Single,US Citizen,Yes,Black or African American,2012-01-09,2015-06-27,relocation out of area,Voluntarily Terminated,Production,Ketsia Liebig,19,Diversity Job Fair,Fully Meets,4.3,4,0,2014-06-02,0,16,50k-100k,Q3,0.6180000000000001,3.463381245722108,0.9962379963881126,0
"Winthrop, Jordan",10033,0,0,1,5,5,4,0,70507,1,20,Production Technician II,MA,2045,1958-11-07,M,Single,US Citizen,No,White,2013-01-07,2016-02-21,retiring,Voluntarily Terminated,Production,Brannon Miller,12,LinkedIn,Exceeds,5.0,3,0,2016-01-19,0,7,50k-100k,Q4,0.7825,3.1211498973305956,1.1760271968145033,0
"Wolk, Hang T",10174,0,0,0,1,5,3,0,60446,0,20,Production Technician II,MA,2302,1985-04-20,F,Single,US Citizen,No,White,2014-09-29,,N/A-StillEmployed,Active,Production,David Stanley,14,LinkedIn,Fully Meets,3.4,4,0,2019-02-21,0,14,50k-100k,Q1,0.7689999999999999,5.253935660506502,1.0082139353347819,0
"Woodson, Jason",10135,0,0,1,1,5,3,0,65893,0,20,Production Technician II,MA,1810,1985-05-11,M,Single,US Citizen,No,White,2014-07-07,,N/A-StillEmployed,Active,Production,Kissy Sullivan,20,LinkedIn,Fully Meets,4.07,4,0,2019-02-28,0,13,50k-100k,Q2,0.8117,5.4839151266255985,1.0990676114385531,0
"Ybarra, Catherine",10301,0,0,0,5,5,1,0,48513,1,19,Production Technician I,MA,2458,1982-05-04,F,Single,US Citizen,No,Asian,2008-09-02,2015-09-29,Another position,Voluntarily Terminated,Production,Brannon Miller,12,Google Search,PIP,3.2,2,0,2015-09-02,5,4,0-50k,Q1,0.3736666666666667,7.0718685831622174,0.8091764987740508,0
"Zamora, Jennifer",10010,0,0,0,1,3,4,0,220450,0,6,CIO,MA,2067,1979-08-30,F,Single,US Citizen,No,White,2010-04-10,,N/A-StillEmployed,Active,IT/IS,Janet King,2,Employee Referral,Exceeds,4.6,5,6,2019-02-21,0,16,200k+,Q3,0.9359999999999999,9.724845995893224,2.271166925463279,1
"Zhou, Julia",10043,0,0,0,1,3,3,0,89292,0,9,Data Analyst,MA,2148,1979-02-24,F,Single,US Citizen,No,White,2015-03-30,,N/A-StillEmployed,Active,IT/IS,Simon Roup,4,Employee Referral,Fully Meets,5.0,3,5,2019-02-01,0,11,50k-100k,Q4,0.8725,4.75564681724846,0.9199230533384763,0
"Zima, Colleen",10271,0,4,0,1,5,3,0,45046,0,19,Production Technician I,MA,1730,1978-08-17,F,Widowed,US Citizen,No,Asian,2014-09-29,,N/A-StillEmployed,Active,Production,David Stanley,14,LinkedIn,Fully Meets,4.5,5,0,2019-01-30,0,2,0-50k,Q3,0.865,5.253935660506502,0.7513483924675013,0
